/data/CDSLSahinalp/bridgersjd/salems_sims/RECOMB-oct_1_2024/simNo_9-s_7-m_8-h_1-minCP_0.10-ISAV_0-n_8-fp_0.001-fn_0.1-na_0-d_0-l_1000000.SC.after_noise	0.001	0.1	cell_0,cell_1,cell_2,cell_3,cell_4,cell_5,cell_6,cell_7	10	mut0	0	0.002604857693624260616861388607	0.002604857697198370028871562781
/data/CDSLSahinalp/bridgersjd/salems_sims/RECOMB-oct_1_2024/simNo_9-s_7-m_8-h_1-minCP_0.10-ISAV_0-n_8-fp_0.001-fn_0.1-na_0-d_0-l_1000000.SC.after_noise	0.001	0.1	cell_0,cell_1,cell_2,cell_3,cell_4,cell_5,cell_6,cell_7	100	mut0	0	0.04290005884641509348088386663	0.04290005890526504060245337623
/data/CDSLSahinalp/bridgersjd/salems_sims/RECOMB-oct_1_2024/simNo_9-s_7-m_8-h_1-minCP_0.10-ISAV_0-n_8-fp_0.001-fn_0.1-na_0-d_0-l_1000000.SC.after_noise	0.001	0.1	cell_0,cell_1,cell_2,cell_3,cell_4,cell_5,cell_6,cell_7	1000	mut0	0	0.4868634078552670080479162082	0.4868634085231663146980015491
/data/CDSLSahinalp/bridgersjd/salems_sims/RECOMB-oct_1_2024/simNo_9-s_7-m_8-h_1-minCP_0.10-ISAV_0-n_8-fp_0.001-fn_0.1-na_0-d_0-l_1000000.SC.after_noise	0.001	0.1	cell_0,cell_1,cell_2,cell_3,cell_4,cell_5,cell_6,cell_7	10000	mut0	0	4.704314477903910867526160005	4.704314484357509053652385030
/data/CDSLSahinalp/bridgersjd/salems_sims/RECOMB-oct_1_2024/simNo_9-s_7-m_8-h_1-minCP_0.10-ISAV_0-n_8-fp_0.001-fn_0.1-na_0-d_0-l_1000000.SC.after_noise	0.001	0.1	cell_0,cell_1,cell_2,cell_3,cell_4,cell_5,cell_6,cell_7	100000	mut0	0	48.23806396383680247343655094	48.23806403001167599517677367
/data/CDSLSahinalp/bridgersjd/salems_sims/RECOMB-oct_1_2024/simNo_9-s_7-m_8-h_1-minCP_0.10-ISAV_0-n_8-fp_0.001-fn_0.1-na_0-d_0-l_1000000.SC.after_noise	0.001	0.1	cell_0,cell_1,cell_2,cell_3,cell_4,cell_5,cell_6,cell_7	10	mut1	0	0.002604857336136605475688026626	0.002604857697198370028871562781
/data/CDSLSahinalp/bridgersjd/salems_sims/RECOMB-oct_1_2024/simNo_9-s_7-m_8-h_1-minCP_0.10-ISAV_0-n_8-fp_0.001-fn_0.1-na_0-d_0-l_1000000.SC.after_noise	0.001	0.1	cell_0,cell_1,cell_2,cell_3,cell_4,cell_5,cell_6,cell_7	100	mut1	0	0.04290005269021380058956126621	0.04290005890526504060245337623
/data/CDSLSahinalp/bridgersjd/salems_sims/RECOMB-oct_1_2024/simNo_9-s_7-m_8-h_1-minCP_0.10-ISAV_0-n_8-fp_0.001-fn_0.1-na_0-d_0-l_1000000.SC.after_noise	0.001	0.1	cell_0,cell_1,cell_2,cell_3,cell_4,cell_5,cell_6,cell_7	1000	mut1	0	0.4868633317922435831034069086	0.4868634085231663146980015491
/data/CDSLSahinalp/bridgersjd/salems_sims/RECOMB-oct_1_2024/simNo_9-s_7-m_8-h_1-minCP_0.10-ISAV_0-n_8-fp_0.001-fn_0.1-na_0-d_0-l_1000000.SC.after_noise	0.001	0.1	cell_0,cell_1,cell_2,cell_3,cell_4,cell_5,cell_6,cell_7	10000	mut1	0	4.704313777546707434610410766	4.704314484357509053652385030
/data/CDSLSahinalp/bridgersjd/salems_sims/RECOMB-oct_1_2024/simNo_9-s_7-m_8-h_1-minCP_0.10-ISAV_0-n_8-fp_0.001-fn_0.1-na_0-d_0-l_1000000.SC.after_noise	0.001	0.1	cell_0,cell_1,cell_2,cell_3,cell_4,cell_5,cell_6,cell_7	100000	mut1	0	48.23805679320664397345697414	48.23806403001167599517677367
/data/CDSLSahinalp/bridgersjd/salems_sims/RECOMB-oct_1_2024/simNo_8-s_7-m_8-h_1-minCP_0.10-ISAV_0-n_8-fp_0.001-fn_0.1-na_0-d_0-l_1000000.SC.after_noise	0.001	0.1	cell_0,cell_1,cell_2,cell_3,cell_4,cell_5,cell_6	10	mut0	0	0.2452405843776713118635425431	2.721962155675509672118321688
/data/CDSLSahinalp/bridgersjd/salems_sims/RECOMB-oct_1_2024/simNo_8-s_7-m_8-h_1-minCP_0.10-ISAV_0-n_8-fp_0.001-fn_0.1-na_0-d_0-l_1000000.SC.after_noise	0.001	0.1	cell_0,cell_1,cell_2,cell_3,cell_4,cell_5,cell_6	100	mut0	0	2.343752766387260855944508293	26.01632684393969926343875695
/data/CDSLSahinalp/bridgersjd/salems_sims/RECOMB-oct_1_2024/simNo_8-s_7-m_8-h_1-minCP_0.10-ISAV_0-n_8-fp_0.001-fn_0.1-na_0-d_0-l_1000000.SC.after_noise	0.001	0.1	cell_0,cell_1,cell_2,cell_3,cell_4,cell_5,cell_6	1000	mut0	0	21.66835010187772439423656259	240.5201491888822152849388352
/data/CDSLSahinalp/bridgersjd/salems_sims/RECOMB-oct_1_2024/simNo_8-s_7-m_8-h_1-minCP_0.10-ISAV_0-n_8-fp_0.001-fn_0.1-na_0-d_0-l_1000000.SC.after_noise	0.001	0.1	cell_0,cell_1,cell_2,cell_3,cell_4,cell_5,cell_6	10000	mut0	0	220.7564148983779121212031183	2450.363367605916773811171540
/data/CDSLSahinalp/bridgersjd/salems_sims/RECOMB-oct_1_2024/simNo_8-s_7-m_8-h_1-minCP_0.10-ISAV_0-n_8-fp_0.001-fn_0.1-na_0-d_0-l_1000000.SC.after_noise	0.001	0.1	cell_0,cell_1,cell_2,cell_3,cell_4,cell_5,cell_6	100000	mut0	0	2218.113629093881734848203612	24620.82806573949051092099469
/data/CDSLSahinalp/bridgersjd/salems_sims/RECOMB-oct_1_2024/simNo_8-s_7-m_8-h_1-minCP_0.10-ISAV_0-n_8-fp_0.001-fn_0.1-na_0-d_0-l_1000000.SC.after_noise	0.001	0.1	cell_0,cell_1,cell_2,cell_3,cell_4,cell_5,cell_6	10	mut1	0	2.471787100770536962888963467	2.721962155675509672118321688
/data/CDSLSahinalp/bridgersjd/salems_sims/RECOMB-oct_1_2024/simNo_8-s_7-m_8-h_1-minCP_0.10-ISAV_0-n_8-fp_0.001-fn_0.1-na_0-d_0-l_1000000.SC.after_noise	0.001	0.1	cell_0,cell_1,cell_2,cell_3,cell_4,cell_5,cell_6	100	mut1	0	23.62516818843165114237719150	26.01632684393969926343875695
/data/CDSLSahinalp/bridgersjd/salems_sims/RECOMB-oct_1_2024/simNo_8-s_7-m_8-h_1-minCP_0.10-ISAV_0-n_8-fp_0.001-fn_0.1-na_0-d_0-l_1000000.SC.after_noise	0.001	0.1	cell_0,cell_1,cell_2,cell_3,cell_4,cell_5,cell_6	1000	mut1	0	218.4139650792561101631737843	240.5201491888822152849388352
/data/CDSLSahinalp/bridgersjd/salems_sims/RECOMB-oct_1_2024/simNo_8-s_7-m_8-h_1-minCP_0.10-ISAV_0-n_8-fp_0.001-fn_0.1-na_0-d_0-l_1000000.SC.after_noise	0.001	0.1	cell_0,cell_1,cell_2,cell_3,cell_4,cell_5,cell_6	10000	mut1	0	2225.150751361283233492510202	2450.363367605916773811171540
/data/CDSLSahinalp/bridgersjd/salems_sims/RECOMB-oct_1_2024/simNo_8-s_7-m_8-h_1-minCP_0.10-ISAV_0-n_8-fp_0.001-fn_0.1-na_0-d_0-l_1000000.SC.after_noise	0.001	0.1	cell_0,cell_1,cell_2,cell_3,cell_4,cell_5,cell_6	100000	mut1	0	22357.93048196989254829217206	24620.82806573949051092099469
/data/CDSLSahinalp/bridgersjd/salems_sims/RECOMB-oct_1_2024/simNo_6-s_7-m_8-h_1-minCP_0.10-ISAV_0-n_8-fp_0.001-fn_0.1-na_0-d_0-l_1000000.SC.after_noise	0.001	0.1	cell_0,cell_1,cell_2,cell_3,cell_4,cell_5	10	mut0	0	0	34.68719427434625835494552513
/data/CDSLSahinalp/bridgersjd/salems_sims/RECOMB-oct_1_2024/simNo_6-s_7-m_8-h_1-minCP_0.10-ISAV_0-n_8-fp_0.001-fn_0.1-na_0-d_0-l_1000000.SC.after_noise	0.001	0.1	cell_0,cell_1,cell_2,cell_3,cell_4,cell_5	100	mut0	0	0	353.9365270582173736898963585
/data/CDSLSahinalp/bridgersjd/salems_sims/RECOMB-oct_1_2024/simNo_6-s_7-m_8-h_1-minCP_0.10-ISAV_0-n_8-fp_0.001-fn_0.1-na_0-d_0-l_1000000.SC.after_noise	0.001	0.1	cell_0,cell_1,cell_2,cell_3,cell_4,cell_5	1000	mut0	0	0	3606.646773699069546489904500
/data/CDSLSahinalp/bridgersjd/salems_sims/RECOMB-oct_1_2024/simNo_6-s_7-m_8-h_1-minCP_0.10-ISAV_0-n_8-fp_0.001-fn_0.1-na_0-d_0-l_1000000.SC.after_noise	0.001	0.1	cell_0,cell_1,cell_2,cell_3,cell_4,cell_5	10000	mut0	0	0	36655.62699042898281498907340
/data/CDSLSahinalp/bridgersjd/salems_sims/RECOMB-oct_1_2024/simNo_6-s_7-m_8-h_1-minCP_0.10-ISAV_0-n_8-fp_0.001-fn_0.1-na_0-d_0-l_1000000.SC.after_noise	0.001	0.1	cell_0,cell_1,cell_2,cell_3,cell_4,cell_5	100000	mut0	0	0	366267.1617950676739361086033
/data/CDSLSahinalp/bridgersjd/salems_sims/RECOMB-oct_1_2024/simNo_1-s_7-m_8-h_1-minCP_0.10-ISAV_0-n_8-fp_0.001-fn_0.1-na_0-d_0-l_1000000.SC.after_noise	0.001	0.1	cell_0,cell_1,cell_2,cell_4,cell_5,cell_6,cell_7	10	mut0	0	0.03401921921752772691827350238	0.05126431853495793789785980696
/data/CDSLSahinalp/bridgersjd/salems_sims/RECOMB-oct_1_2024/simNo_3-s_7-m_8-h_1-minCP_0.10-ISAV_0-n_8-fp_0.001-fn_0.1-na_0-d_0-l_1000000.SC.after_noise	0.001	0.1	cell_0,cell_1,cell_2,cell_4,cell_5,cell_6,cell_7	10	mut0	0	1.879669695106637561889898656	20.86232580087221173138357241
/data/CDSLSahinalp/bridgersjd/salems_sims/RECOMB-oct_1_2024/simNo_1-s_7-m_8-h_1-minCP_0.10-ISAV_0-n_8-fp_0.001-fn_0.1-na_0-d_0-l_1000000.SC.after_noise	0.001	0.1	cell_0,cell_1,cell_2,cell_4,cell_5,cell_6,cell_7	100	mut0	0	1.244560310229583451073273102	1.472450832046466191770090864
/data/CDSLSahinalp/bridgersjd/salems_sims/RECOMB-oct_1_2024/simNo_3-s_7-m_8-h_1-minCP_0.10-ISAV_0-n_8-fp_0.001-fn_0.1-na_0-d_0-l_1000000.SC.after_noise	0.001	0.1	cell_0,cell_1,cell_2,cell_4,cell_5,cell_6,cell_7	100	mut0	0	22.87985797116238214038407983	253.9240092874400445309866942
/data/CDSLSahinalp/bridgersjd/salems_sims/RECOMB-oct_1_2024/simNo_1-s_7-m_8-h_1-minCP_0.10-ISAV_0-n_8-fp_0.001-fn_0.1-na_0-d_0-l_1000000.SC.after_noise	0.001	0.1	cell_0,cell_1,cell_2,cell_4,cell_5,cell_6,cell_7	1000	mut0	0	12.06357052925411839139418431	14.21048101430896278808010099
/data/CDSLSahinalp/bridgersjd/salems_sims/RECOMB-oct_1_2024/simNo_3-s_7-m_8-h_1-minCP_0.10-ISAV_0-n_8-fp_0.001-fn_0.1-na_0-d_0-l_1000000.SC.after_noise	0.001	0.1	cell_0,cell_1,cell_2,cell_4,cell_5,cell_6,cell_7	1000	mut0	0	210.6315724235782347004943035	2337.532264414695283937508133
/data/CDSLSahinalp/bridgersjd/salems_sims/RECOMB-oct_1_2024/simNo_1-s_7-m_8-h_1-minCP_0.10-ISAV_0-n_8-fp_0.001-fn_0.1-na_0-d_0-l_1000000.SC.after_noise	0.001	0.1	cell_0,cell_1,cell_2,cell_4,cell_5,cell_6,cell_7	10000	mut0	0	114.1318759083633395658554186	135.3520340160368357670509127
/data/CDSLSahinalp/bridgersjd/salems_sims/RECOMB-oct_1_2024/simNo_3-s_7-m_8-h_1-minCP_0.10-ISAV_0-n_8-fp_0.001-fn_0.1-na_0-d_0-l_1000000.SC.after_noise	0.001	0.1	cell_0,cell_1,cell_2,cell_4,cell_5,cell_6,cell_7	10000	mut0	0	2104.371097080971014396547230	23354.02654823468909176761022
/data/CDSLSahinalp/bridgersjd/salems_sims/RECOMB-oct_1_2024/simNo_1-s_7-m_8-h_1-minCP_0.10-ISAV_0-n_8-fp_0.001-fn_0.1-na_0-d_0-l_1000000.SC.after_noise	0.001	0.1	cell_0,cell_1,cell_2,cell_4,cell_5,cell_6,cell_7	100000	mut0	0	1180.507009602347620592825732	1396.000013254707759383803779
/data/CDSLSahinalp/bridgersjd/salems_sims/RECOMB-oct_1_2024/simNo_3-s_7-m_8-h_1-minCP_0.10-ISAV_0-n_8-fp_0.001-fn_0.1-na_0-d_0-l_1000000.SC.after_noise	0.001	0.1	cell_0,cell_1,cell_2,cell_4,cell_5,cell_6,cell_7	100000	mut0	0	21282.54228132779875703635382	236193.2535218026292687954561
/data/CDSLSahinalp/bridgersjd/salems_sims/RECOMB-oct_1_2024/simNo_1-s_7-m_8-h_1-minCP_0.10-ISAV_0-n_8-fp_0.001-fn_0.1-na_0-d_0-l_1000000.SC.after_noise	0.001	0.1	cell_0,cell_1,cell_2,cell_4,cell_5,cell_6,cell_7	10	mut1	0	0.04658591502477237612705502847	0.05126431853495793789785980696
/data/CDSLSahinalp/bridgersjd/salems_sims/RECOMB-oct_1_2024/simNo_3-s_7-m_8-h_1-minCP_0.10-ISAV_0-n_8-fp_0.001-fn_0.1-na_0-d_0-l_1000000.SC.after_noise	0.001	0.1	cell_0,cell_1,cell_2,cell_4,cell_5,cell_6,cell_7	10	mut1	0	18.94487358591644320720921505	20.86232580087221173138357241
/data/CDSLSahinalp/bridgersjd/salems_sims/RECOMB-oct_1_2024/simNo_1-s_7-m_8-h_1-minCP_0.10-ISAV_0-n_8-fp_0.001-fn_0.1-na_0-d_0-l_1000000.SC.after_noise	0.001	0.1	cell_0,cell_1,cell_2,cell_4,cell_5,cell_6,cell_7	100	mut1	0	1.338377185383674638284608157	1.472450832046466191770090864
/data/CDSLSahinalp/bridgersjd/salems_sims/RECOMB-oct_1_2024/simNo_3-s_7-m_8-h_1-minCP_0.10-ISAV_0-n_8-fp_0.001-fn_0.1-na_0-d_0-l_1000000.SC.after_noise	0.001	0.1	cell_0,cell_1,cell_2,cell_4,cell_5,cell_6,cell_7	100	mut1	0	230.5859223845348086435679480	253.9240092874400445309866942
/data/CDSLSahinalp/bridgersjd/salems_sims/RECOMB-oct_1_2024/simNo_1-s_7-m_8-h_1-minCP_0.10-ISAV_0-n_8-fp_0.001-fn_0.1-na_0-d_0-l_1000000.SC.after_noise	0.001	0.1	cell_0,cell_1,cell_2,cell_4,cell_5,cell_6,cell_7	1000	mut1	0	12.91657838621353067247942207	14.21048101430896278808010099
/data/CDSLSahinalp/bridgersjd/salems_sims/RECOMB-oct_1_2024/simNo_3-s_7-m_8-h_1-minCP_0.10-ISAV_0-n_8-fp_0.001-fn_0.1-na_0-d_0-l_1000000.SC.after_noise	0.001	0.1	cell_0,cell_1,cell_2,cell_4,cell_5,cell_6,cell_7	1000	mut1	0	2122.690396509130446255297202	2337.532264414695283937508133
/data/CDSLSahinalp/bridgersjd/salems_sims/RECOMB-oct_1_2024/simNo_1-s_7-m_8-h_1-minCP_0.10-ISAV_0-n_8-fp_0.001-fn_0.1-na_0-d_0-l_1000000.SC.after_noise	0.001	0.1	cell_0,cell_1,cell_2,cell_4,cell_5,cell_6,cell_7	10000	mut1	0	123.0270003435748857474143140	135.3520340160368357670509127
/data/CDSLSahinalp/bridgersjd/salems_sims/RECOMB-oct_1_2024/simNo_3-s_7-m_8-h_1-minCP_0.10-ISAV_0-n_8-fp_0.001-fn_0.1-na_0-d_0-l_1000000.SC.after_noise	0.001	0.1	cell_0,cell_1,cell_2,cell_4,cell_5,cell_6,cell_7	10000	mut1	0	21207.56489694435853125612409	23354.02654823468909176761022
/data/CDSLSahinalp/bridgersjd/salems_sims/RECOMB-oct_1_2024/simNo_1-s_7-m_8-h_1-minCP_0.10-ISAV_0-n_8-fp_0.001-fn_0.1-na_0-d_0-l_1000000.SC.after_noise	0.001	0.1	cell_0,cell_1,cell_2,cell_4,cell_5,cell_6,cell_7	100000	mut1	0	1268.885732315157827286391638	1396.000013254707759383803779
/data/CDSLSahinalp/bridgersjd/salems_sims/RECOMB-oct_1_2024/simNo_3-s_7-m_8-h_1-minCP_0.10-ISAV_0-n_8-fp_0.001-fn_0.1-na_0-d_0-l_1000000.SC.after_noise	0.001	0.1	cell_0,cell_1,cell_2,cell_4,cell_5,cell_6,cell_7	100000	mut1	0	214484.7991517842771461701705	236193.2535218026292687954561
/data/CDSLSahinalp/bridgersjd/salems_sims/RECOMB-oct_1_2024/simNo_5-s_7-m_8-h_1-minCP_0.10-ISAV_0-n_8-fp_0.001-fn_0.1-na_0-d_0-l_1000000.SC.after_noise	0.001	0.1	cell_0,cell_1,cell_3,cell_4,cell_5,cell_6,cell_7	10	mut0	0	0.1508340216871079236866339383	0.1863551550007768436394748768
/data/CDSLSahinalp/bridgersjd/salems_sims/RECOMB-oct_1_2024/simNo_5-s_7-m_8-h_1-minCP_0.10-ISAV_0-n_8-fp_0.001-fn_0.1-na_0-d_0-l_1000000.SC.after_noise	0.001	0.1	cell_0,cell_1,cell_3,cell_4,cell_5,cell_6,cell_7	100	mut0	0	1.185978943701401825377450753	1.489994501776555499938832938
/data/CDSLSahinalp/bridgersjd/salems_sims/RECOMB-oct_1_2024/simNo_5-s_7-m_8-h_1-minCP_0.10-ISAV_0-n_8-fp_0.001-fn_0.1-na_0-d_0-l_1000000.SC.after_noise	0.001	0.1	cell_0,cell_1,cell_3,cell_4,cell_5,cell_6,cell_7	1000	mut0	0	17.75936874696876588191884473	21.06420686707290845024313911
/data/CDSLSahinalp/bridgersjd/salems_sims/RECOMB-oct_1_2024/simNo_5-s_7-m_8-h_1-minCP_0.10-ISAV_0-n_8-fp_0.001-fn_0.1-na_0-d_0-l_1000000.SC.after_noise	0.001	0.1	cell_0,cell_1,cell_3,cell_4,cell_5,cell_6,cell_7	10000	mut0	0	183.8236567911312711340896577	218.0279659832403081896861293
/data/CDSLSahinalp/bridgersjd/salems_sims/RECOMB-oct_1_2024/simNo_5-s_7-m_8-h_1-minCP_0.10-ISAV_0-n_8-fp_0.001-fn_0.1-na_0-d_0-l_1000000.SC.after_noise	0.001	0.1	cell_0,cell_1,cell_3,cell_4,cell_5,cell_6,cell_7	100000	mut0	0	1837.984036854748011492522254	2183.781392826848701741613647
/data/CDSLSahinalp/bridgersjd/salems_sims/RECOMB-oct_1_2024/simNo_6-s_7-m_8-h_1-minCP_0.10-ISAV_0-n_8-fp_0.001-fn_0.1-na_0-d_0-l_1000000.SC.after_noise	0.001	0.1	cell_0,cell_1,cell_3,cell_4,cell_5	10	mut1	0	34.61397829075745250576038512	34.68719427434625835494552513
/data/CDSLSahinalp/bridgersjd/salems_sims/RECOMB-oct_1_2024/simNo_6-s_7-m_8-h_1-minCP_0.10-ISAV_0-n_8-fp_0.001-fn_0.1-na_0-d_0-l_1000000.SC.after_noise	0.001	0.1	cell_0,cell_1,cell_3,cell_4,cell_5	100	mut1	0	353.2073034478162268024117040	353.9365270582173736898963585
/data/CDSLSahinalp/bridgersjd/salems_sims/RECOMB-oct_1_2024/simNo_6-s_7-m_8-h_1-minCP_0.10-ISAV_0-n_8-fp_0.001-fn_0.1-na_0-d_0-l_1000000.SC.after_noise	0.001	0.1	cell_0,cell_1,cell_3,cell_4,cell_5	1000	mut1	0	3599.341306136313830733539032	3606.646773699069546489904500
/data/CDSLSahinalp/bridgersjd/salems_sims/RECOMB-oct_1_2024/simNo_6-s_7-m_8-h_1-minCP_0.10-ISAV_0-n_8-fp_0.001-fn_0.1-na_0-d_0-l_1000000.SC.after_noise	0.001	0.1	cell_0,cell_1,cell_3,cell_4,cell_5	10000	mut1	0	36582.41502846720556915233942	36655.62699042898281498907340
/data/CDSLSahinalp/bridgersjd/salems_sims/RECOMB-oct_1_2024/simNo_6-s_7-m_8-h_1-minCP_0.10-ISAV_0-n_8-fp_0.001-fn_0.1-na_0-d_0-l_1000000.SC.after_noise	0.001	0.1	cell_0,cell_1,cell_3,cell_4,cell_5	100000	mut1	0	365535.2210524786307464485099	366267.1617950676739361086033
/data/CDSLSahinalp/bridgersjd/salems_sims/RECOMB-oct_1_2024/simNo_8-s_7-m_8-h_1-minCP_0.10-ISAV_0-n_8-fp_0.001-fn_0.1-na_0-d_0-l_1000000.SC.after_noise	0.001	0.1	cell_0,cell_1,cell_3,cell_4,cell_5	10	mut2	0	1.993928527430422477039447304	2.721962155675509672118321688
/data/CDSLSahinalp/bridgersjd/salems_sims/RECOMB-oct_1_2024/simNo_8-s_7-m_8-h_1-minCP_0.10-ISAV_0-n_8-fp_0.001-fn_0.1-na_0-d_0-l_1000000.SC.after_noise	0.001	0.1	cell_0,cell_1,cell_3,cell_4,cell_5	100	mut2	0	18.13606937251996955713570634	26.01632684393969926343875695
/data/CDSLSahinalp/bridgersjd/salems_sims/RECOMB-oct_1_2024/simNo_8-s_7-m_8-h_1-minCP_0.10-ISAV_0-n_8-fp_0.001-fn_0.1-na_0-d_0-l_1000000.SC.after_noise	0.001	0.1	cell_0,cell_1,cell_3,cell_4,cell_5	1000	mut2	0	183.8427941986417864136018075	240.5201491888822152849388352
/data/CDSLSahinalp/bridgersjd/salems_sims/RECOMB-oct_1_2024/simNo_8-s_7-m_8-h_1-minCP_0.10-ISAV_0-n_8-fp_0.001-fn_0.1-na_0-d_0-l_1000000.SC.after_noise	0.001	0.1	cell_0,cell_1,cell_3,cell_4,cell_5	10000	mut2	0	1820.596537886618237735074944	2450.363367605916773811171540
/data/CDSLSahinalp/bridgersjd/salems_sims/RECOMB-oct_1_2024/simNo_8-s_7-m_8-h_1-minCP_0.10-ISAV_0-n_8-fp_0.001-fn_0.1-na_0-d_0-l_1000000.SC.after_noise	0.001	0.1	cell_0,cell_1,cell_3,cell_4,cell_5	100000	mut2	0	18200.94893992086217607721853	24620.82806573949051092099469
/data/CDSLSahinalp/bridgersjd/salems_sims/RECOMB-oct_1_2024/simNo_10-s_7-m_8-h_1-minCP_0.10-ISAV_0-n_8-fp_0.001-fn_0.1-na_0-d_0-l_1000000.SC.after_noise	0.001	0.1	cell_0,cell_2,cell_3,cell_4,cell_5,cell_6,cell_7	10	mut0	0	0.06139549544182074775438630222	0.07019072777198973641610171542
/data/CDSLSahinalp/bridgersjd/salems_sims/RECOMB-oct_1_2024/simNo_10-s_7-m_8-h_1-minCP_0.10-ISAV_0-n_8-fp_0.001-fn_0.1-na_0-d_0-l_1000000.SC.after_noise	0.001	0.1	cell_0,cell_2,cell_3,cell_4,cell_5,cell_6,cell_7	100	mut0	0	0.3747212655783644804337333542	0.4453497935334888117349567727
/data/CDSLSahinalp/bridgersjd/salems_sims/RECOMB-oct_1_2024/simNo_10-s_7-m_8-h_1-minCP_0.10-ISAV_0-n_8-fp_0.001-fn_0.1-na_0-d_0-l_1000000.SC.after_noise	0.001	0.1	cell_0,cell_2,cell_3,cell_4,cell_5,cell_6,cell_7	1000	mut0	0	4.540032134427988668694061262	5.264112282294822331930915603
/data/CDSLSahinalp/bridgersjd/salems_sims/RECOMB-oct_1_2024/simNo_10-s_7-m_8-h_1-minCP_0.10-ISAV_0-n_8-fp_0.001-fn_0.1-na_0-d_0-l_1000000.SC.after_noise	0.001	0.1	cell_0,cell_2,cell_3,cell_4,cell_5,cell_6,cell_7	10000	mut0	0	48.89994493230557111010829541	56.57878673288419240880544884
/data/CDSLSahinalp/bridgersjd/salems_sims/RECOMB-oct_1_2024/simNo_10-s_7-m_8-h_1-minCP_0.10-ISAV_0-n_8-fp_0.001-fn_0.1-na_0-d_0-l_1000000.SC.after_noise	0.001	0.1	cell_0,cell_2,cell_3,cell_4,cell_5,cell_6,cell_7	100000	mut0	0	498.5392317503431187147617476	576.8925150955341110222677874
/data/CDSLSahinalp/bridgersjd/salems_sims/RECOMB-oct_1_2024/simNo_9-s_7-m_8-h_1-minCP_0.10-ISAV_0-n_8-fp_0.001-fn_0.1-na_0-d_0-l_1000000.SC.after_noise	0.001	0.1	cell_0,cell_2,cell_3,cell_5,cell_7	10	mut2	0	0.002059147363895158803264192523	0.002604857697198370028871562781
/data/CDSLSahinalp/bridgersjd/salems_sims/RECOMB-oct_1_2024/simNo_9-s_7-m_8-h_1-minCP_0.10-ISAV_0-n_8-fp_0.001-fn_0.1-na_0-d_0-l_1000000.SC.after_noise	0.001	0.1	cell_0,cell_2,cell_3,cell_5,cell_7	100	mut2	0	0.04008776489402252719388996174	0.04290005890526504060245337623
/data/CDSLSahinalp/bridgersjd/salems_sims/RECOMB-oct_1_2024/simNo_9-s_7-m_8-h_1-minCP_0.10-ISAV_0-n_8-fp_0.001-fn_0.1-na_0-d_0-l_1000000.SC.after_noise	0.001	0.1	cell_0,cell_2,cell_3,cell_5,cell_7	1000	mut2	0	0.4235893528722894619523898772	0.4868634085231663146980015491
/data/CDSLSahinalp/bridgersjd/salems_sims/RECOMB-oct_1_2024/simNo_9-s_7-m_8-h_1-minCP_0.10-ISAV_0-n_8-fp_0.001-fn_0.1-na_0-d_0-l_1000000.SC.after_noise	0.001	0.1	cell_0,cell_2,cell_3,cell_5,cell_7	10000	mut2	0	4.248249732767015224473349162	4.704314484357509053652385030
/data/CDSLSahinalp/bridgersjd/salems_sims/RECOMB-oct_1_2024/simNo_9-s_7-m_8-h_1-minCP_0.10-ISAV_0-n_8-fp_0.001-fn_0.1-na_0-d_0-l_1000000.SC.after_noise	0.001	0.1	cell_0,cell_2,cell_3,cell_5,cell_7	100000	mut2	0	43.49898594601919781377252144	48.23806403001167599517677367
/data/CDSLSahinalp/bridgersjd/salems_sims/RECOMB-oct_1_2024/simNo_9-s_7-m_8-h_1-minCP_0.10-ISAV_0-n_8-fp_0.001-fn_0.1-na_0-d_0-l_1000000.SC.after_noise	0.001	0.1	cell_0,cell_2,cell_3,cell_5,cell_7	10	mut3	0	0.002601580200631918025496296965	0.002604857697198370028871562781
/data/CDSLSahinalp/bridgersjd/salems_sims/RECOMB-oct_1_2024/simNo_9-s_7-m_8-h_1-minCP_0.10-ISAV_0-n_8-fp_0.001-fn_0.1-na_0-d_0-l_1000000.SC.after_noise	0.001	0.1	cell_0,cell_2,cell_3,cell_5,cell_7	100	mut3	0	0.04285162696524087469085950642	0.04290005890526504060245337623
/data/CDSLSahinalp/bridgersjd/salems_sims/RECOMB-oct_1_2024/simNo_9-s_7-m_8-h_1-minCP_0.10-ISAV_0-n_8-fp_0.001-fn_0.1-na_0-d_0-l_1000000.SC.after_noise	0.001	0.1	cell_0,cell_2,cell_3,cell_5,cell_7	1000	mut3	0	0.4862544159000265076668034434	0.4868634085231663146980015491
/data/CDSLSahinalp/bridgersjd/salems_sims/RECOMB-oct_1_2024/simNo_9-s_7-m_8-h_1-minCP_0.10-ISAV_0-n_8-fp_0.001-fn_0.1-na_0-d_0-l_1000000.SC.after_noise	0.001	0.1	cell_0,cell_2,cell_3,cell_5,cell_7	10000	mut3	0	4.698735411753111551997620611	4.704314484357509053652385030
/data/CDSLSahinalp/bridgersjd/salems_sims/RECOMB-oct_1_2024/simNo_9-s_7-m_8-h_1-minCP_0.10-ISAV_0-n_8-fp_0.001-fn_0.1-na_0-d_0-l_1000000.SC.after_noise	0.001	0.1	cell_0,cell_2,cell_3,cell_5,cell_7	100000	mut3	0	48.18110374945455815742828622	48.23806403001167599517677367
/data/CDSLSahinalp/bridgersjd/salems_sims/RECOMB-oct_1_2024/simNo_9-s_7-m_8-h_1-minCP_0.10-ISAV_0-n_8-fp_0.001-fn_0.1-na_0-d_0-l_1000000.SC.after_noise	0.001	0.1	cell_0,cell_3,cell_5	10	mut4	0	0.00001807036393314669755256214180	0.002604857697198370028871562781
/data/CDSLSahinalp/bridgersjd/salems_sims/RECOMB-oct_1_2024/simNo_9-s_7-m_8-h_1-minCP_0.10-ISAV_0-n_8-fp_0.001-fn_0.1-na_0-d_0-l_1000000.SC.after_noise	0.001	0.1	cell_0,cell_3,cell_5	100	mut4	0	0.0003567362208551023157851156394	0.04290005890526504060245337623
/data/CDSLSahinalp/bridgersjd/salems_sims/RECOMB-oct_1_2024/simNo_9-s_7-m_8-h_1-minCP_0.10-ISAV_0-n_8-fp_0.001-fn_0.1-na_0-d_0-l_1000000.SC.after_noise	0.001	0.1	cell_0,cell_3,cell_5	1000	mut4	0	0.003706307556284082636968174667	0.4868634085231663146980015491
/data/CDSLSahinalp/bridgersjd/salems_sims/RECOMB-oct_1_2024/simNo_9-s_7-m_8-h_1-minCP_0.10-ISAV_0-n_8-fp_0.001-fn_0.1-na_0-d_0-l_1000000.SC.after_noise	0.001	0.1	cell_0,cell_3,cell_5	10000	mut4	0	0.03705077741945441494513202326	4.704314484357509053652385030
/data/CDSLSahinalp/bridgersjd/salems_sims/RECOMB-oct_1_2024/simNo_9-s_7-m_8-h_1-minCP_0.10-ISAV_0-n_8-fp_0.001-fn_0.1-na_0-d_0-l_1000000.SC.after_noise	0.001	0.1	cell_0,cell_3,cell_5	100000	mut4	0	0.3820348965160378350450191280	48.23806403001167599517677367
/data/CDSLSahinalp/bridgersjd/salems_sims/RECOMB-oct_1_2024/simNo_9-s_7-m_8-h_1-minCP_0.10-ISAV_0-n_8-fp_0.001-fn_0.1-na_0-d_0-l_1000000.SC.after_noise	0.001	0.1	cell_0,cell_3,cell_5	10	mut5	0	0.001983542337218481801247079074	0.002604857697198370028871562781
/data/CDSLSahinalp/bridgersjd/salems_sims/RECOMB-oct_1_2024/simNo_9-s_7-m_8-h_1-minCP_0.10-ISAV_0-n_8-fp_0.001-fn_0.1-na_0-d_0-l_1000000.SC.after_noise	0.001	0.1	cell_0,cell_3,cell_5	100	mut5	0	0.03915811545928280658874078673	0.04290005890526504060245337623
/data/CDSLSahinalp/bridgersjd/salems_sims/RECOMB-oct_1_2024/simNo_9-s_7-m_8-h_1-minCP_0.10-ISAV_0-n_8-fp_0.001-fn_0.1-na_0-d_0-l_1000000.SC.after_noise	0.001	0.1	cell_0,cell_3,cell_5	1000	mut5	0	0.4068328662245193130460126798	0.4868634085231663146980015491
/data/CDSLSahinalp/bridgersjd/salems_sims/RECOMB-oct_1_2024/simNo_9-s_7-m_8-h_1-minCP_0.10-ISAV_0-n_8-fp_0.001-fn_0.1-na_0-d_0-l_1000000.SC.after_noise	0.001	0.1	cell_0,cell_3,cell_5	10000	mut5	0	4.066978723297290453547607054	4.704314484357509053652385030
/data/CDSLSahinalp/bridgersjd/salems_sims/RECOMB-oct_1_2024/simNo_9-s_7-m_8-h_1-minCP_0.10-ISAV_0-n_8-fp_0.001-fn_0.1-na_0-d_0-l_1000000.SC.after_noise	0.001	0.1	cell_0,cell_3,cell_5	100000	mut5	0	41.93509296978976024536433935	48.23806403001167599517677367
/data/CDSLSahinalp/bridgersjd/salems_sims/RECOMB-oct_1_2024/simNo_3-s_7-m_8-h_1-minCP_0.10-ISAV_0-n_8-fp_0.001-fn_0.1-na_0-d_0-l_1000000.SC.after_noise	0.001	0.1	cell_0,cell_4,cell_5,cell_7	10	mut5	0	18.33503862948154400962104531	20.86232580087221173138357241
/data/CDSLSahinalp/bridgersjd/salems_sims/RECOMB-oct_1_2024/simNo_3-s_7-m_8-h_1-minCP_0.10-ISAV_0-n_8-fp_0.001-fn_0.1-na_0-d_0-l_1000000.SC.after_noise	0.001	0.1	cell_0,cell_4,cell_5,cell_7	100	mut5	0	199.4093736431789687410180352	253.9240092874400445309866942
/data/CDSLSahinalp/bridgersjd/salems_sims/RECOMB-oct_1_2024/simNo_3-s_7-m_8-h_1-minCP_0.10-ISAV_0-n_8-fp_0.001-fn_0.1-na_0-d_0-l_1000000.SC.after_noise	0.001	0.1	cell_0,cell_4,cell_5,cell_7	1000	mut5	0	1889.494997083835741843461125	2337.532264414695283937508133
/data/CDSLSahinalp/bridgersjd/salems_sims/RECOMB-oct_1_2024/simNo_3-s_7-m_8-h_1-minCP_0.10-ISAV_0-n_8-fp_0.001-fn_0.1-na_0-d_0-l_1000000.SC.after_noise	0.001	0.1	cell_0,cell_4,cell_5,cell_7	10000	mut5	0	18502.36553372241128029587418	23354.02654823468951630866431
/data/CDSLSahinalp/bridgersjd/salems_sims/RECOMB-oct_1_2024/simNo_3-s_7-m_8-h_1-minCP_0.10-ISAV_0-n_8-fp_0.001-fn_0.1-na_0-d_0-l_1000000.SC.after_noise	0.001	0.1	cell_0,cell_4,cell_5,cell_7	100000	mut5	0	187384.9575700256185086527197	236193.2535218026251691666240
/data/CDSLSahinalp/bridgersjd/salems_sims/RECOMB-oct_1_2024/simNo_5-s_7-m_8-h_1-minCP_0.10-ISAV_0-n_8-fp_0.001-fn_0.1-na_0-d_0-l_1000000.SC.after_noise	0.001	0.1	cell_0,cell_4,cell_5	10	mut1	0	0.1647406744688531612737186261	0.1863551550007768436394748768
/data/CDSLSahinalp/bridgersjd/salems_sims/RECOMB-oct_1_2024/simNo_5-s_7-m_8-h_1-minCP_0.10-ISAV_0-n_8-fp_0.001-fn_0.1-na_0-d_0-l_1000000.SC.after_noise	0.001	0.1	cell_0,cell_4,cell_5	100	mut1	0	1.294216449695972518307599804	1.489994501776555499938832938
/data/CDSLSahinalp/bridgersjd/salems_sims/RECOMB-oct_1_2024/simNo_5-s_7-m_8-h_1-minCP_0.10-ISAV_0-n_8-fp_0.001-fn_0.1-na_0-d_0-l_1000000.SC.after_noise	0.001	0.1	cell_0,cell_4,cell_5	1000	mut1	0	19.43662657272752997484705916	21.06420686707290845024313911
/data/CDSLSahinalp/bridgersjd/salems_sims/RECOMB-oct_1_2024/simNo_5-s_7-m_8-h_1-minCP_0.10-ISAV_0-n_8-fp_0.001-fn_0.1-na_0-d_0-l_1000000.SC.after_noise	0.001	0.1	cell_0,cell_4,cell_5	10000	mut1	0	201.2408413762296924898564540	218.0279659832403081896861293
/data/CDSLSahinalp/bridgersjd/salems_sims/RECOMB-oct_1_2024/simNo_5-s_7-m_8-h_1-minCP_0.10-ISAV_0-n_8-fp_0.001-fn_0.1-na_0-d_0-l_1000000.SC.after_noise	0.001	0.1	cell_0,cell_4,cell_5	100000	mut1	0	2012.151072048779484139576147	2183.781392826848701741613647
/data/CDSLSahinalp/bridgersjd/salems_sims/RECOMB-oct_1_2024/simNo_10-s_7-m_8-h_1-minCP_0.10-ISAV_0-n_8-fp_0.001-fn_0.1-na_0-d_0-l_1000000.SC.after_noise	0.001	0.1	cell_0,cell_6,cell_7	10	mut1	0	0.06398593028763783294606877205	0.07019072777198973641610171542
/data/CDSLSahinalp/bridgersjd/salems_sims/RECOMB-oct_1_2024/simNo_10-s_7-m_8-h_1-minCP_0.10-ISAV_0-n_8-fp_0.001-fn_0.1-na_0-d_0-l_1000000.SC.after_noise	0.001	0.1	cell_0,cell_6,cell_7	100	mut1	0	0.4069102661348746360480596164	0.4453497935334888117349567727
/data/CDSLSahinalp/bridgersjd/salems_sims/RECOMB-oct_1_2024/simNo_10-s_7-m_8-h_1-minCP_0.10-ISAV_0-n_8-fp_0.001-fn_0.1-na_0-d_0-l_1000000.SC.after_noise	0.001	0.1	cell_0,cell_6,cell_7	1000	mut1	0	4.799131703452292669081269624	5.264112282294822331930915603
/data/CDSLSahinalp/bridgersjd/salems_sims/RECOMB-oct_1_2024/simNo_10-s_7-m_8-h_1-minCP_0.10-ISAV_0-n_8-fp_0.001-fn_0.1-na_0-d_0-l_1000000.SC.after_noise	0.001	0.1	cell_0,cell_6,cell_7	10000	mut1	0	51.56660902851940257114359394	56.57878673288419240880544884
/data/CDSLSahinalp/bridgersjd/salems_sims/RECOMB-oct_1_2024/simNo_10-s_7-m_8-h_1-minCP_0.10-ISAV_0-n_8-fp_0.001-fn_0.1-na_0-d_0-l_1000000.SC.after_noise	0.001	0.1	cell_0,cell_6,cell_7	100000	mut1	0	525.8052006919332506828135989	576.8925150955341110222677874
/data/CDSLSahinalp/bridgersjd/salems_sims/RECOMB-oct_1_2024/simNo_10-s_7-m_8-h_1-minCP_0.10-ISAV_0-n_8-fp_0.001-fn_0.1-na_0-d_0-l_1000000.SC.after_noise	0.001	0.1	cell_0,cell_7	10	mut3	0	0.06312381933789184172391676257	0.07019072777198973641610171542
/data/CDSLSahinalp/bridgersjd/salems_sims/RECOMB-oct_1_2024/simNo_10-s_7-m_8-h_1-minCP_0.10-ISAV_0-n_8-fp_0.001-fn_0.1-na_0-d_0-l_1000000.SC.after_noise	0.001	0.1	cell_0,cell_7	100	mut3	0	0.3573022253863153753764650159	0.4453497935334888067353368538
/data/CDSLSahinalp/bridgersjd/salems_sims/RECOMB-oct_1_2024/simNo_10-s_7-m_8-h_1-minCP_0.10-ISAV_0-n_8-fp_0.001-fn_0.1-na_0-d_0-l_1000000.SC.after_noise	0.001	0.1	cell_0,cell_7	1000	mut3	0	4.363972234261670985720210025	5.264112282294822331930915603
/data/CDSLSahinalp/bridgersjd/salems_sims/RECOMB-oct_1_2024/simNo_10-s_7-m_8-h_1-minCP_0.10-ISAV_0-n_8-fp_0.001-fn_0.1-na_0-d_0-l_1000000.SC.after_noise	0.001	0.1	cell_0,cell_7	10000	mut3	0	42.76296942375347870413477911	56.57878673288419240880544884
/data/CDSLSahinalp/bridgersjd/salems_sims/RECOMB-oct_1_2024/simNo_10-s_7-m_8-h_1-minCP_0.10-ISAV_0-n_8-fp_0.001-fn_0.1-na_0-d_0-l_1000000.SC.after_noise	0.001	0.1	cell_0,cell_7	100000	mut3	0	427.1240398499388200921624930	576.8925150955341110222677874
/data/CDSLSahinalp/bridgersjd/salems_sims/RECOMB-oct_1_2024/simNo_1-s_7-m_8-h_1-minCP_0.10-ISAV_0-n_8-fp_0.001-fn_0.1-na_0-d_0-l_1000000.SC.after_noise	0.001	0.1	cell_0,cell_7	10	mut4	0	0.03622396059129426990223899093	0.05126431853495793681312730005
/data/CDSLSahinalp/bridgersjd/salems_sims/RECOMB-oct_1_2024/simNo_1-s_7-m_8-h_1-minCP_0.10-ISAV_0-n_8-fp_0.001-fn_0.1-na_0-d_0-l_1000000.SC.after_noise	0.001	0.1	cell_0,cell_7	100	mut4	0	1.369952911331489463939749990	1.472450832046465790202298331
/data/CDSLSahinalp/bridgersjd/salems_sims/RECOMB-oct_1_2024/simNo_1-s_7-m_8-h_1-minCP_0.10-ISAV_0-n_8-fp_0.001-fn_0.1-na_0-d_0-l_1000000.SC.after_noise	0.001	0.1	cell_0,cell_7	1000	mut4	0	13.25296117639254662354398907	14.21048101430896278808010099
/data/CDSLSahinalp/bridgersjd/salems_sims/RECOMB-oct_1_2024/simNo_1-s_7-m_8-h_1-minCP_0.10-ISAV_0-n_8-fp_0.001-fn_0.1-na_0-d_0-l_1000000.SC.after_noise	0.001	0.1	cell_0,cell_7	10000	mut4	0	125.2897444840303127663744989	135.3520340160368357670509127
/data/CDSLSahinalp/bridgersjd/salems_sims/RECOMB-oct_1_2024/simNo_1-s_7-m_8-h_1-minCP_0.10-ISAV_0-n_8-fp_0.001-fn_0.1-na_0-d_0-l_1000000.SC.after_noise	0.001	0.1	cell_0,cell_7	100000	mut4	0	1296.808669548474771160176390	1396.000013254707759383803779
/data/CDSLSahinalp/bridgersjd/salems_sims/RECOMB-oct_1_2024/simNo_6-s_7-m_8-h_1-minCP_0.10-ISAV_0-n_8-fp_0.001-fn_0.1-na_0-d_0-l_1000000.SC.after_noise	0.001	0.1	cell_0	10	mut5	0	34.61740892447867583158535317	34.68719427434625835494552513
/data/CDSLSahinalp/bridgersjd/salems_sims/RECOMB-oct_1_2024/simNo_6-s_7-m_8-h_1-minCP_0.10-ISAV_0-n_8-fp_0.001-fn_0.1-na_0-d_0-l_1000000.SC.after_noise	0.001	0.1	cell_0	100	mut5	0	351.7514459658476728887592245	353.9365270582173736898963585
/data/CDSLSahinalp/bridgersjd/salems_sims/RECOMB-oct_1_2024/simNo_6-s_7-m_8-h_1-minCP_0.10-ISAV_0-n_8-fp_0.001-fn_0.1-na_0-d_0-l_1000000.SC.after_noise	0.001	0.1	cell_0	1000	mut5	0	3580.828130053626334283536405	3606.646773699069546489904500
/data/CDSLSahinalp/bridgersjd/salems_sims/RECOMB-oct_1_2024/simNo_6-s_7-m_8-h_1-minCP_0.10-ISAV_0-n_8-fp_0.001-fn_0.1-na_0-d_0-l_1000000.SC.after_noise	0.001	0.1	cell_0	10000	mut5	0	36326.55545288285630830507957	36655.62699042898281498907340
/data/CDSLSahinalp/bridgersjd/salems_sims/RECOMB-oct_1_2024/simNo_6-s_7-m_8-h_1-minCP_0.10-ISAV_0-n_8-fp_0.001-fn_0.1-na_0-d_0-l_1000000.SC.after_noise	0.001	0.1	cell_0	100000	mut5	0	363038.1534173169222682513128	366267.1617950676739361086033
/data/CDSLSahinalp/bridgersjd/salems_sims/RECOMB-oct_1_2024/simNo_3-s_7-m_8-h_1-minCP_0.10-ISAV_0-n_8-fp_0.001-fn_0.1-na_0-d_0-l_1000000.SC.after_noise	0.001	0.1	cell_0	10	mut6	0	19.94367900672388043004197089	20.86232580087221173138357241
/data/CDSLSahinalp/bridgersjd/salems_sims/RECOMB-oct_1_2024/simNo_6-s_7-m_8-h_1-minCP_0.10-ISAV_0-n_8-fp_0.001-fn_0.1-na_0-d_0-l_1000000.SC.after_noise	0.001	0.1	cell_0	10	mut6	0	34.61740892447867583158535317	34.68719427434625835494552513
/data/CDSLSahinalp/bridgersjd/salems_sims/RECOMB-oct_1_2024/simNo_3-s_7-m_8-h_1-minCP_0.10-ISAV_0-n_8-fp_0.001-fn_0.1-na_0-d_0-l_1000000.SC.after_noise	0.001	0.1	cell_0	100	mut6	0	236.9723365554980616297706981	253.9240092874400445309866942
/data/CDSLSahinalp/bridgersjd/salems_sims/RECOMB-oct_1_2024/simNo_6-s_7-m_8-h_1-minCP_0.10-ISAV_0-n_8-fp_0.001-fn_0.1-na_0-d_0-l_1000000.SC.after_noise	0.001	0.1	cell_0	100	mut6	0	351.7514459658476728887592245	353.9365270582173736898963585
/data/CDSLSahinalp/bridgersjd/salems_sims/RECOMB-oct_1_2024/simNo_3-s_7-m_8-h_1-minCP_0.10-ISAV_0-n_8-fp_0.001-fn_0.1-na_0-d_0-l_1000000.SC.after_noise	0.001	0.1	cell_0	1000	mut6	0	2179.298640778333361690072548	2337.532264414695283937508133
/data/CDSLSahinalp/bridgersjd/salems_sims/RECOMB-oct_1_2024/simNo_6-s_7-m_8-h_1-minCP_0.10-ISAV_0-n_8-fp_0.001-fn_0.1-na_0-d_0-l_1000000.SC.after_noise	0.001	0.1	cell_0	1000	mut6	0	3580.828130053626334283536405	3606.646773699069546489904500
/data/CDSLSahinalp/bridgersjd/salems_sims/RECOMB-oct_1_2024/simNo_3-s_7-m_8-h_1-minCP_0.10-ISAV_0-n_8-fp_0.001-fn_0.1-na_0-d_0-l_1000000.SC.after_noise	0.001	0.1	cell_0	10000	mut6	0	21763.59492707125184372306748	23354.02654823468951630866431
/data/CDSLSahinalp/bridgersjd/salems_sims/RECOMB-oct_1_2024/simNo_6-s_7-m_8-h_1-minCP_0.10-ISAV_0-n_8-fp_0.001-fn_0.1-na_0-d_0-l_1000000.SC.after_noise	0.001	0.1	cell_0	10000	mut6	0	36326.55545288285630830507957	36655.62699042898281498907340
/data/CDSLSahinalp/bridgersjd/salems_sims/RECOMB-oct_1_2024/simNo_3-s_7-m_8-h_1-minCP_0.10-ISAV_0-n_8-fp_0.001-fn_0.1-na_0-d_0-l_1000000.SC.after_noise	0.001	0.1	cell_0	100000	mut6	0	220151.9299567133349520559390	236193.2535218026251691666240
/data/CDSLSahinalp/bridgersjd/salems_sims/RECOMB-oct_1_2024/simNo_6-s_7-m_8-h_1-minCP_0.10-ISAV_0-n_8-fp_0.001-fn_0.1-na_0-d_0-l_1000000.SC.after_noise	0.001	0.1	cell_0	100000	mut6	0	363038.1534173169222682513128	366267.1617950676739361086033
/data/CDSLSahinalp/bridgersjd/salems_sims/RECOMB-oct_1_2024/simNo_3-s_7-m_8-h_1-minCP_0.10-ISAV_0-n_8-fp_0.001-fn_0.1-na_0-d_0-l_1000000.SC.after_noise	0.001	0.1	cell_0	10	mut7	0	19.94367900672388043004197089	20.86232580087221173138357241
/data/CDSLSahinalp/bridgersjd/salems_sims/RECOMB-oct_1_2024/simNo_8-s_7-m_8-h_1-minCP_0.10-ISAV_0-n_8-fp_0.001-fn_0.1-na_0-d_0-l_1000000.SC.after_noise	0.001	0.1	cell_0	10	mut7	0	2.648030532942159117883947265	2.721962155675509350629549125
/data/CDSLSahinalp/bridgersjd/salems_sims/RECOMB-oct_1_2024/simNo_9-s_7-m_8-h_1-minCP_0.10-ISAV_0-n_8-fp_0.001-fn_0.1-na_0-d_0-l_1000000.SC.after_noise	0.001	0.1	cell_0	10	mut7	0	0.0001423201884884977159089885678	0.002604857697198370396233014803
/data/CDSLSahinalp/bridgersjd/salems_sims/RECOMB-oct_1_2024/simNo_3-s_7-m_8-h_1-minCP_0.10-ISAV_0-n_8-fp_0.001-fn_0.1-na_0-d_0-l_1000000.SC.after_noise	0.001	0.1	cell_0	100	mut7	0	236.9723365554980616297706981	253.9240092874400445309866942
/data/CDSLSahinalp/bridgersjd/salems_sims/RECOMB-oct_1_2024/simNo_8-s_7-m_8-h_1-minCP_0.10-ISAV_0-n_8-fp_0.001-fn_0.1-na_0-d_0-l_1000000.SC.after_noise	0.001	0.1	cell_0	100	mut7	0	25.36149695342249039606729297	26.01632684393970156783492730
/data/CDSLSahinalp/bridgersjd/salems_sims/RECOMB-oct_1_2024/simNo_9-s_7-m_8-h_1-minCP_0.10-ISAV_0-n_8-fp_0.001-fn_0.1-na_0-d_0-l_1000000.SC.after_noise	0.001	0.1	cell_0	100	mut7	0	0.002343169907876918599995083016	0.04290005890526504060245337623
/data/CDSLSahinalp/bridgersjd/salems_sims/RECOMB-oct_1_2024/simNo_3-s_7-m_8-h_1-minCP_0.10-ISAV_0-n_8-fp_0.001-fn_0.1-na_0-d_0-l_1000000.SC.after_noise	0.001	0.1	cell_0	1000	mut7	0	2179.298640778333361690072548	2337.532264414695283937508133
/data/CDSLSahinalp/bridgersjd/salems_sims/RECOMB-oct_1_2024/simNo_8-s_7-m_8-h_1-minCP_0.10-ISAV_0-n_8-fp_0.001-fn_0.1-na_0-d_0-l_1000000.SC.after_noise	0.001	0.1	cell_0	1000	mut7	0	232.5864259868723957456126639	240.5201491888822152849388352
/data/CDSLSahinalp/bridgersjd/salems_sims/RECOMB-oct_1_2024/simNo_9-s_7-m_8-h_1-minCP_0.10-ISAV_0-n_8-fp_0.001-fn_0.1-na_0-d_0-l_1000000.SC.after_noise	0.001	0.1	cell_0	1000	mut7	0	0.02660339135067654607468160179	0.4868634085231663146980015491
/data/CDSLSahinalp/bridgersjd/salems_sims/RECOMB-oct_1_2024/simNo_3-s_7-m_8-h_1-minCP_0.10-ISAV_0-n_8-fp_0.001-fn_0.1-na_0-d_0-l_1000000.SC.after_noise	0.001	0.1	cell_0	10000	mut7	0	21763.59492707125184372306748	23354.02654823468951630866431
/data/CDSLSahinalp/bridgersjd/salems_sims/RECOMB-oct_1_2024/simNo_8-s_7-m_8-h_1-minCP_0.10-ISAV_0-n_8-fp_0.001-fn_0.1-na_0-d_0-l_1000000.SC.after_noise	0.001	0.1	cell_0	10000	mut7	0	2366.961438064217557014856241	2450.363367605916773811171540
/data/CDSLSahinalp/bridgersjd/salems_sims/RECOMB-oct_1_2024/simNo_9-s_7-m_8-h_1-minCP_0.10-ISAV_0-n_8-fp_0.001-fn_0.1-na_0-d_0-l_1000000.SC.after_noise	0.001	0.1	cell_0	10000	mut7	0	0.2570112564467856226125330913	4.704314484357509053652385030
/data/CDSLSahinalp/bridgersjd/salems_sims/RECOMB-oct_1_2024/simNo_3-s_7-m_8-h_1-minCP_0.10-ISAV_0-n_8-fp_0.001-fn_0.1-na_0-d_0-l_1000000.SC.after_noise	0.001	0.1	cell_0	100000	mut7	0	220151.9299567133349520559390	236193.2535218026251691666240
/data/CDSLSahinalp/bridgersjd/salems_sims/RECOMB-oct_1_2024/simNo_8-s_7-m_8-h_1-minCP_0.10-ISAV_0-n_8-fp_0.001-fn_0.1-na_0-d_0-l_1000000.SC.after_noise	0.001	0.1	cell_0	100000	mut7	0	23806.09020540233680439794720	24620.82806573949051092099469
/data/CDSLSahinalp/bridgersjd/salems_sims/RECOMB-oct_1_2024/simNo_9-s_7-m_8-h_1-minCP_0.10-ISAV_0-n_8-fp_0.001-fn_0.1-na_0-d_0-l_1000000.SC.after_noise	0.001	0.1	cell_0	100000	mut7	0	2.635337130433840863776400801	48.23806403001167157256608608
/data/CDSLSahinalp/bridgersjd/salems_sims/RECOMB-oct_1_2024/simNo_2-s_7-m_8-h_1-minCP_0.10-ISAV_0-n_8-fp_0.001-fn_0.1-na_0-d_0-l_1000000.SC.after_noise	0.001	0.1	cell_1,cell_2,cell_3,cell_4,cell_5,cell_6	10	mut0	0	96.67979115868343656117542884	97.73396720133580187626698588
/data/CDSLSahinalp/bridgersjd/salems_sims/RECOMB-oct_1_2024/simNo_2-s_7-m_8-h_1-minCP_0.10-ISAV_0-n_8-fp_0.001-fn_0.1-na_0-d_0-l_1000000.SC.after_noise	0.001	0.1	cell_1,cell_2,cell_3,cell_4,cell_5,cell_6	100	mut0	0	1034.063308111893643264640744	1045.154196859067129080652384
/data/CDSLSahinalp/bridgersjd/salems_sims/RECOMB-oct_1_2024/simNo_2-s_7-m_8-h_1-minCP_0.10-ISAV_0-n_8-fp_0.001-fn_0.1-na_0-d_0-l_1000000.SC.after_noise	0.001	0.1	cell_1,cell_2,cell_3,cell_4,cell_5,cell_6	1000	mut0	0	9232.747176579479453920312780	9331.236686749843994047350349
/data/CDSLSahinalp/bridgersjd/salems_sims/RECOMB-oct_1_2024/simNo_2-s_7-m_8-h_1-minCP_0.10-ISAV_0-n_8-fp_0.001-fn_0.1-na_0-d_0-l_1000000.SC.after_noise	0.001	0.1	cell_1,cell_2,cell_3,cell_4,cell_5,cell_6	10000	mut0	0	90130.49920278783209422094306	91091.35394427750094056147486
/data/CDSLSahinalp/bridgersjd/salems_sims/RECOMB-oct_1_2024/simNo_2-s_7-m_8-h_1-minCP_0.10-ISAV_0-n_8-fp_0.001-fn_0.1-na_0-d_0-l_1000000.SC.after_noise	0.001	0.1	cell_1,cell_2,cell_3,cell_4,cell_5,cell_6	100000	mut0	0	902087.1142178213238705129250	911704.0839354169985035022735
/data/CDSLSahinalp/bridgersjd/salems_sims/RECOMB-oct_1_2024/simNo_2-s_7-m_8-h_1-minCP_0.10-ISAV_0-n_8-fp_0.001-fn_0.1-na_0-d_0-l_1000000.SC.after_noise	0.001	0.1	cell_1,cell_2,cell_3,cell_4,cell_5,cell_6	10	mut1	0	96.67979115868343656117542884	97.73396720133580187626698588
/data/CDSLSahinalp/bridgersjd/salems_sims/RECOMB-oct_1_2024/simNo_2-s_7-m_8-h_1-minCP_0.10-ISAV_0-n_8-fp_0.001-fn_0.1-na_0-d_0-l_1000000.SC.after_noise	0.001	0.1	cell_1,cell_2,cell_3,cell_4,cell_5,cell_6	100	mut1	0	1034.063308111893643264640744	1045.154196859067129080652384
/data/CDSLSahinalp/bridgersjd/salems_sims/RECOMB-oct_1_2024/simNo_2-s_7-m_8-h_1-minCP_0.10-ISAV_0-n_8-fp_0.001-fn_0.1-na_0-d_0-l_1000000.SC.after_noise	0.001	0.1	cell_1,cell_2,cell_3,cell_4,cell_5,cell_6	1000	mut1	0	9232.747176579479453920312780	9331.236686749843994047350349
/data/CDSLSahinalp/bridgersjd/salems_sims/RECOMB-oct_1_2024/simNo_2-s_7-m_8-h_1-minCP_0.10-ISAV_0-n_8-fp_0.001-fn_0.1-na_0-d_0-l_1000000.SC.after_noise	0.001	0.1	cell_1,cell_2,cell_3,cell_4,cell_5,cell_6	10000	mut1	0	90130.49920278783209422094306	91091.35394427750094056147486
/data/CDSLSahinalp/bridgersjd/salems_sims/RECOMB-oct_1_2024/simNo_2-s_7-m_8-h_1-minCP_0.10-ISAV_0-n_8-fp_0.001-fn_0.1-na_0-d_0-l_1000000.SC.after_noise	0.001	0.1	cell_1,cell_2,cell_3,cell_4,cell_5,cell_6	100000	mut1	0	902087.1142178213238705129250	911704.0839354169985035022735
/data/CDSLSahinalp/bridgersjd/salems_sims/RECOMB-oct_1_2024/simNo_1-s_7-m_8-h_1-minCP_0.10-ISAV_0-n_8-fp_0.001-fn_0.1-na_0-d_0-l_1000000.SC.after_noise	0.001	0.1	cell_1,cell_2,cell_5,cell_6	10	mut2	0	0.04611256779528186963924329265	0.05126431853495793681312730005
/data/CDSLSahinalp/bridgersjd/salems_sims/RECOMB-oct_1_2024/simNo_1-s_7-m_8-h_1-minCP_0.10-ISAV_0-n_8-fp_0.001-fn_0.1-na_0-d_0-l_1000000.SC.after_noise	0.001	0.1	cell_1,cell_2,cell_5,cell_6	100	mut2	0	1.257985588557756189365398540	1.472450832046465790202298331
/data/CDSLSahinalp/bridgersjd/salems_sims/RECOMB-oct_1_2024/simNo_1-s_7-m_8-h_1-minCP_0.10-ISAV_0-n_8-fp_0.001-fn_0.1-na_0-d_0-l_1000000.SC.after_noise	0.001	0.1	cell_1,cell_2,cell_5,cell_6	1000	mut2	0	10.71257915435278550724138125	14.21048101430896278808010099
/data/CDSLSahinalp/bridgersjd/salems_sims/RECOMB-oct_1_2024/simNo_1-s_7-m_8-h_1-minCP_0.10-ISAV_0-n_8-fp_0.001-fn_0.1-na_0-d_0-l_1000000.SC.after_noise	0.001	0.1	cell_1,cell_2,cell_5,cell_6	10000	mut2	0	103.1382569949812617242244775	135.3520340160368357670509127
/data/CDSLSahinalp/bridgersjd/salems_sims/RECOMB-oct_1_2024/simNo_1-s_7-m_8-h_1-minCP_0.10-ISAV_0-n_8-fp_0.001-fn_0.1-na_0-d_0-l_1000000.SC.after_noise	0.001	0.1	cell_1,cell_2,cell_5,cell_6	100000	mut2	0	1062.348659558998812627327818	1396.000013254707759383803779
/data/CDSLSahinalp/bridgersjd/salems_sims/RECOMB-oct_1_2024/simNo_4-s_7-m_8-h_1-minCP_0.10-ISAV_0-n_8-fp_0.001-fn_0.1-na_0-d_0-l_1000000.SC.after_noise	0.001	0.1	cell_1,cell_2,cell_6,cell_7	10	mut0	0	0.6606546054379548807338084310	0.6607225706946746567792103846
/data/CDSLSahinalp/bridgersjd/salems_sims/RECOMB-oct_1_2024/simNo_4-s_7-m_8-h_1-minCP_0.10-ISAV_0-n_8-fp_0.001-fn_0.1-na_0-d_0-l_1000000.SC.after_noise	0.001	0.1	cell_1,cell_2,cell_6,cell_7	100	mut0	0	7.139093557427505361365277560	7.139851922959679185425675925
/data/CDSLSahinalp/bridgersjd/salems_sims/RECOMB-oct_1_2024/simNo_4-s_7-m_8-h_1-minCP_0.10-ISAV_0-n_8-fp_0.001-fn_0.1-na_0-d_0-l_1000000.SC.after_noise	0.001	0.1	cell_1,cell_2,cell_6,cell_7	1000	mut0	0	73.12439163198206043271100663	73.13234286739163179362397103
/data/CDSLSahinalp/bridgersjd/salems_sims/RECOMB-oct_1_2024/simNo_4-s_7-m_8-h_1-minCP_0.10-ISAV_0-n_8-fp_0.001-fn_0.1-na_0-d_0-l_1000000.SC.after_noise	0.001	0.1	cell_1,cell_2,cell_6,cell_7	10000	mut0	0	751.1872981613788559362996054	751.2830515408764651630029749
/data/CDSLSahinalp/bridgersjd/salems_sims/RECOMB-oct_1_2024/simNo_4-s_7-m_8-h_1-minCP_0.10-ISAV_0-n_8-fp_0.001-fn_0.1-na_0-d_0-l_1000000.SC.after_noise	0.001	0.1	cell_1,cell_2,cell_6,cell_7	100000	mut0	0	7516.538984451309380316745591	7517.534231295606136924742446
/data/CDSLSahinalp/bridgersjd/salems_sims/RECOMB-oct_1_2024/simNo_4-s_7-m_8-h_1-minCP_0.10-ISAV_0-n_8-fp_0.001-fn_0.1-na_0-d_0-l_1000000.SC.after_noise	0.001	0.1	cell_1,cell_2,cell_6,cell_7	10	mut1	0	0.6533794634465984286124575272	0.6607225706946746567792103846
/data/CDSLSahinalp/bridgersjd/salems_sims/RECOMB-oct_1_2024/simNo_4-s_7-m_8-h_1-minCP_0.10-ISAV_0-n_8-fp_0.001-fn_0.1-na_0-d_0-l_1000000.SC.after_noise	0.001	0.1	cell_1,cell_2,cell_6,cell_7	100	mut1	0	7.041119013705266244678943959	7.139851922959679185425675925
/data/CDSLSahinalp/bridgersjd/salems_sims/RECOMB-oct_1_2024/simNo_4-s_7-m_8-h_1-minCP_0.10-ISAV_0-n_8-fp_0.001-fn_0.1-na_0-d_0-l_1000000.SC.after_noise	0.001	0.1	cell_1,cell_2,cell_6,cell_7	1000	mut1	0	71.97243919333605010764922293	73.13234286739163179362397103
/data/CDSLSahinalp/bridgersjd/salems_sims/RECOMB-oct_1_2024/simNo_4-s_7-m_8-h_1-minCP_0.10-ISAV_0-n_8-fp_0.001-fn_0.1-na_0-d_0-l_1000000.SC.after_noise	0.001	0.1	cell_1,cell_2,cell_6,cell_7	10000	mut1	0	740.0625531914176743645862980	751.2830515408764651630029749
/data/CDSLSahinalp/bridgersjd/salems_sims/RECOMB-oct_1_2024/simNo_4-s_7-m_8-h_1-minCP_0.10-ISAV_0-n_8-fp_0.001-fn_0.1-na_0-d_0-l_1000000.SC.after_noise	0.001	0.1	cell_1,cell_2,cell_6,cell_7	100000	mut1	0	7405.303154211237853806344398	7517.534231295606136924742446
/data/CDSLSahinalp/bridgersjd/salems_sims/RECOMB-oct_1_2024/simNo_6-s_7-m_8-h_1-minCP_0.10-ISAV_0-n_8-fp_0.001-fn_0.1-na_0-d_0-l_1000000.SC.after_noise	0.001	0.1	cell_1,cell_3,cell_4,cell_5	10	mut2	0	31.49979623141676731740335230	34.68719427434625835494552513
/data/CDSLSahinalp/bridgersjd/salems_sims/RECOMB-oct_1_2024/simNo_6-s_7-m_8-h_1-minCP_0.10-ISAV_0-n_8-fp_0.001-fn_0.1-na_0-d_0-l_1000000.SC.after_noise	0.001	0.1	cell_1,cell_3,cell_4,cell_5	100	mut2	0	294.2422570981880887897810697	353.9365270582173736898963585
/data/CDSLSahinalp/bridgersjd/salems_sims/RECOMB-oct_1_2024/simNo_6-s_7-m_8-h_1-minCP_0.10-ISAV_0-n_8-fp_0.001-fn_0.1-na_0-d_0-l_1000000.SC.after_noise	0.001	0.1	cell_1,cell_3,cell_4,cell_5	1000	mut2	0	2822.632547923812138561334956	3606.646773699069546489904500
/data/CDSLSahinalp/bridgersjd/salems_sims/RECOMB-oct_1_2024/simNo_6-s_7-m_8-h_1-minCP_0.10-ISAV_0-n_8-fp_0.001-fn_0.1-na_0-d_0-l_1000000.SC.after_noise	0.001	0.1	cell_1,cell_3,cell_4,cell_5	10000	mut2	0	27682.65415149373321604624605	36655.62699042898281498907340
/data/CDSLSahinalp/bridgersjd/salems_sims/RECOMB-oct_1_2024/simNo_6-s_7-m_8-h_1-minCP_0.10-ISAV_0-n_8-fp_0.001-fn_0.1-na_0-d_0-l_1000000.SC.after_noise	0.001	0.1	cell_1,cell_3,cell_4,cell_5	100000	mut2	0	278172.3718386619818194510216	366267.1617950676739361086033
/data/CDSLSahinalp/bridgersjd/salems_sims/RECOMB-oct_1_2024/simNo_5-s_7-m_8-h_1-minCP_0.10-ISAV_0-n_8-fp_0.001-fn_0.1-na_0-d_0-l_1000000.SC.after_noise	0.001	0.1	cell_1,cell_3	10	mut2	0	0.1711603378439765371969356428	0.1863551550007768436394748768
/data/CDSLSahinalp/bridgersjd/salems_sims/RECOMB-oct_1_2024/simNo_5-s_7-m_8-h_1-minCP_0.10-ISAV_0-n_8-fp_0.001-fn_0.1-na_0-d_0-l_1000000.SC.after_noise	0.001	0.1	cell_1,cell_3	100	mut2	0	1.392350977869543023911875663	1.489994501776555499938832938
/data/CDSLSahinalp/bridgersjd/salems_sims/RECOMB-oct_1_2024/simNo_5-s_7-m_8-h_1-minCP_0.10-ISAV_0-n_8-fp_0.001-fn_0.1-na_0-d_0-l_1000000.SC.after_noise	0.001	0.1	cell_1,cell_3	1000	mut2	0	19.62674728017354735900980833	21.06420686707290845024313911
/data/CDSLSahinalp/bridgersjd/salems_sims/RECOMB-oct_1_2024/simNo_5-s_7-m_8-h_1-minCP_0.10-ISAV_0-n_8-fp_0.001-fn_0.1-na_0-d_0-l_1000000.SC.after_noise	0.001	0.1	cell_1,cell_3	10000	mut2	0	202.8533482258205625725171017	218.0279659832403081896861293
/data/CDSLSahinalp/bridgersjd/salems_sims/RECOMB-oct_1_2024/simNo_5-s_7-m_8-h_1-minCP_0.10-ISAV_0-n_8-fp_0.001-fn_0.1-na_0-d_0-l_1000000.SC.after_noise	0.001	0.1	cell_1,cell_3	100000	mut2	0	2031.212815458562274246495279	2183.781392826848701741613647
/data/CDSLSahinalp/bridgersjd/salems_sims/RECOMB-oct_1_2024/simNo_3-s_7-m_8-h_1-minCP_0.10-ISAV_0-n_8-fp_0.001-fn_0.1-na_0-d_0-l_1000000.SC.after_noise	0.001	0.1	cell_1,cell_6	10	mut4	0	0	20.86232580087221173138357241
/data/CDSLSahinalp/bridgersjd/salems_sims/RECOMB-oct_1_2024/simNo_3-s_7-m_8-h_1-minCP_0.10-ISAV_0-n_8-fp_0.001-fn_0.1-na_0-d_0-l_1000000.SC.after_noise	0.001	0.1	cell_1,cell_6	100	mut4	0	0	253.9240092874400445309866942
/data/CDSLSahinalp/bridgersjd/salems_sims/RECOMB-oct_1_2024/simNo_3-s_7-m_8-h_1-minCP_0.10-ISAV_0-n_8-fp_0.001-fn_0.1-na_0-d_0-l_1000000.SC.after_noise	0.001	0.1	cell_1,cell_6	1000	mut4	0	0	2337.532264414695283937508133
/data/CDSLSahinalp/bridgersjd/salems_sims/RECOMB-oct_1_2024/simNo_3-s_7-m_8-h_1-minCP_0.10-ISAV_0-n_8-fp_0.001-fn_0.1-na_0-d_0-l_1000000.SC.after_noise	0.001	0.1	cell_1,cell_6	10000	mut4	0	0	23354.02654823468951630866431
/data/CDSLSahinalp/bridgersjd/salems_sims/RECOMB-oct_1_2024/simNo_3-s_7-m_8-h_1-minCP_0.10-ISAV_0-n_8-fp_0.001-fn_0.1-na_0-d_0-l_1000000.SC.after_noise	0.001	0.1	cell_1,cell_6	100000	mut4	0	0	236193.2535218026251691666240
/data/CDSLSahinalp/bridgersjd/salems_sims/RECOMB-oct_1_2024/simNo_1-s_7-m_8-h_1-minCP_0.10-ISAV_0-n_8-fp_0.001-fn_0.1-na_0-d_0-l_1000000.SC.after_noise	0.001	0.1	cell_1	10	mut3	0	0.04748593194897925737597175319	0.05126431853495793681312730005
/data/CDSLSahinalp/bridgersjd/salems_sims/RECOMB-oct_1_2024/simNo_5-s_7-m_8-h_1-minCP_0.10-ISAV_0-n_8-fp_0.001-fn_0.1-na_0-d_0-l_1000000.SC.after_noise	0.001	0.1	cell_1	10	mut3	0	0.01022385635607074216360358407	0.1863551550007768436394748768
/data/CDSLSahinalp/bridgersjd/salems_sims/RECOMB-oct_1_2024/simNo_1-s_7-m_8-h_1-minCP_0.10-ISAV_0-n_8-fp_0.001-fn_0.1-na_0-d_0-l_1000000.SC.after_noise	0.001	0.1	cell_1	100	mut3	0	1.441688676735575518351424848	1.472450832046465790202298331
/data/CDSLSahinalp/bridgersjd/salems_sims/RECOMB-oct_1_2024/simNo_5-s_7-m_8-h_1-minCP_0.10-ISAV_0-n_8-fp_0.001-fn_0.1-na_0-d_0-l_1000000.SC.after_noise	0.001	0.1	cell_1	100	mut3	0	0.08167215497701753811445512174	1.489994501776555499938832938
/data/CDSLSahinalp/bridgersjd/salems_sims/RECOMB-oct_1_2024/simNo_1-s_7-m_8-h_1-minCP_0.10-ISAV_0-n_8-fp_0.001-fn_0.1-na_0-d_0-l_1000000.SC.after_noise	0.001	0.1	cell_1	1000	mut3	0	13.63399265777852245764921981	14.21048101430896278808010099
/data/CDSLSahinalp/bridgersjd/salems_sims/RECOMB-oct_1_2024/simNo_5-s_7-m_8-h_1-minCP_0.10-ISAV_0-n_8-fp_0.001-fn_0.1-na_0-d_0-l_1000000.SC.after_noise	0.001	0.1	cell_1	1000	mut3	0	1.154698527301755380961601847	21.06420686707290845024313911
/data/CDSLSahinalp/bridgersjd/salems_sims/RECOMB-oct_1_2024/simNo_1-s_7-m_8-h_1-minCP_0.10-ISAV_0-n_8-fp_0.001-fn_0.1-na_0-d_0-l_1000000.SC.after_noise	0.001	0.1	cell_1	10000	mut3	0	129.5755496539492570440156937	135.3520340160368357670509127
/data/CDSLSahinalp/bridgersjd/salems_sims/RECOMB-oct_1_2024/simNo_5-s_7-m_8-h_1-minCP_0.10-ISAV_0-n_8-fp_0.001-fn_0.1-na_0-d_0-l_1000000.SC.after_noise	0.001	0.1	cell_1	10000	mut3	0	11.95302535393205431781486984	218.0279659832403081896861293
/data/CDSLSahinalp/bridgersjd/salems_sims/RECOMB-oct_1_2024/simNo_1-s_7-m_8-h_1-minCP_0.10-ISAV_0-n_8-fp_0.001-fn_0.1-na_0-d_0-l_1000000.SC.after_noise	0.001	0.1	cell_1	100000	mut3	0	1336.693108545460322357545881	1396.000013254707759383803779
/data/CDSLSahinalp/bridgersjd/salems_sims/RECOMB-oct_1_2024/simNo_5-s_7-m_8-h_1-minCP_0.10-ISAV_0-n_8-fp_0.001-fn_0.1-na_0-d_0-l_1000000.SC.after_noise	0.001	0.1	cell_1	100000	mut3	0	119.7246325727653007777299008	2183.781392826848701741613647
/data/CDSLSahinalp/bridgersjd/salems_sims/RECOMB-oct_1_2024/simNo_5-s_7-m_8-h_1-minCP_0.10-ISAV_0-n_8-fp_0.001-fn_0.1-na_0-d_0-l_1000000.SC.after_noise	0.001	0.1	cell_1	10	mut4	0	0.01022385635607074216360358407	0.1863551550007768436394748768
/data/CDSLSahinalp/bridgersjd/salems_sims/RECOMB-oct_1_2024/simNo_5-s_7-m_8-h_1-minCP_0.10-ISAV_0-n_8-fp_0.001-fn_0.1-na_0-d_0-l_1000000.SC.after_noise	0.001	0.1	cell_1	100	mut4	0	0.08167215497701753811445512174	1.489994501776555499938832938
/data/CDSLSahinalp/bridgersjd/salems_sims/RECOMB-oct_1_2024/simNo_5-s_7-m_8-h_1-minCP_0.10-ISAV_0-n_8-fp_0.001-fn_0.1-na_0-d_0-l_1000000.SC.after_noise	0.001	0.1	cell_1	1000	mut4	0	1.154698527301755380961601847	21.06420686707290845024313911
/data/CDSLSahinalp/bridgersjd/salems_sims/RECOMB-oct_1_2024/simNo_5-s_7-m_8-h_1-minCP_0.10-ISAV_0-n_8-fp_0.001-fn_0.1-na_0-d_0-l_1000000.SC.after_noise	0.001	0.1	cell_1	10000	mut4	0	11.95302535393205431781486984	218.0279659832403081896861293
/data/CDSLSahinalp/bridgersjd/salems_sims/RECOMB-oct_1_2024/simNo_5-s_7-m_8-h_1-minCP_0.10-ISAV_0-n_8-fp_0.001-fn_0.1-na_0-d_0-l_1000000.SC.after_noise	0.001	0.1	cell_1	100000	mut4	0	119.7246325727653007777299008	2183.781392826848701741613647
/data/CDSLSahinalp/bridgersjd/salems_sims/RECOMB-oct_1_2024/simNo_5-s_7-m_8-h_1-minCP_0.10-ISAV_0-n_8-fp_0.001-fn_0.1-na_0-d_0-l_1000000.SC.after_noise	0.001	0.1	cell_1	10	mut5	0	0.01022385635607074216360358407	0.1863551550007768436394748768
/data/CDSLSahinalp/bridgersjd/salems_sims/RECOMB-oct_1_2024/simNo_5-s_7-m_8-h_1-minCP_0.10-ISAV_0-n_8-fp_0.001-fn_0.1-na_0-d_0-l_1000000.SC.after_noise	0.001	0.1	cell_1	100	mut5	0	0.08167215497701753811445512174	1.489994501776555499938832938
/data/CDSLSahinalp/bridgersjd/salems_sims/RECOMB-oct_1_2024/simNo_5-s_7-m_8-h_1-minCP_0.10-ISAV_0-n_8-fp_0.001-fn_0.1-na_0-d_0-l_1000000.SC.after_noise	0.001	0.1	cell_1	1000	mut5	0	1.154698527301755380961601847	21.06420686707290845024313911
/data/CDSLSahinalp/bridgersjd/salems_sims/RECOMB-oct_1_2024/simNo_5-s_7-m_8-h_1-minCP_0.10-ISAV_0-n_8-fp_0.001-fn_0.1-na_0-d_0-l_1000000.SC.after_noise	0.001	0.1	cell_1	10000	mut5	0	11.95302535393205431781486984	218.0279659832403081896861293
/data/CDSLSahinalp/bridgersjd/salems_sims/RECOMB-oct_1_2024/simNo_5-s_7-m_8-h_1-minCP_0.10-ISAV_0-n_8-fp_0.001-fn_0.1-na_0-d_0-l_1000000.SC.after_noise	0.001	0.1	cell_1	100000	mut5	0	119.7246325727653007777299008	2183.781392826848701741613647
/data/CDSLSahinalp/bridgersjd/salems_sims/RECOMB-oct_1_2024/simNo_7-s_7-m_8-h_1-minCP_0.10-ISAV_0-n_8-fp_0.001-fn_0.1-na_0-d_0-l_1000000.SC.after_noise	0.001	0.1	cell_2,cell_3,cell_4,cell_5,cell_7	10	mut0	0	0.03779413992015281979417870097	0.04099865005989700914941812983
/data/CDSLSahinalp/bridgersjd/salems_sims/RECOMB-oct_1_2024/simNo_7-s_7-m_8-h_1-minCP_0.10-ISAV_0-n_8-fp_0.001-fn_0.1-na_0-d_0-l_1000000.SC.after_noise	0.001	0.1	cell_2,cell_3,cell_4,cell_5,cell_7	100	mut0	0	0.3748621825191322380496958939	0.4206934125660269804351433021
/data/CDSLSahinalp/bridgersjd/salems_sims/RECOMB-oct_1_2024/simNo_7-s_7-m_8-h_1-minCP_0.10-ISAV_0-n_8-fp_0.001-fn_0.1-na_0-d_0-l_1000000.SC.after_noise	0.001	0.1	cell_2,cell_3,cell_4,cell_5,cell_7	1000	mut0	0	4.121332364457982811125269407	4.604663838755159324593231056
/data/CDSLSahinalp/bridgersjd/salems_sims/RECOMB-oct_1_2024/simNo_7-s_7-m_8-h_1-minCP_0.10-ISAV_0-n_8-fp_0.001-fn_0.1-na_0-d_0-l_1000000.SC.after_noise	0.001	0.1	cell_2,cell_3,cell_4,cell_5,cell_7	10000	mut0	0	41.75954221038792355275274154	46.48184556331693913437263845
/data/CDSLSahinalp/bridgersjd/salems_sims/RECOMB-oct_1_2024/simNo_7-s_7-m_8-h_1-minCP_0.10-ISAV_0-n_8-fp_0.001-fn_0.1-na_0-d_0-l_1000000.SC.after_noise	0.001	0.1	cell_2,cell_3,cell_4,cell_5,cell_7	100000	mut0	0	416.1947418149298445210546269	463.3777037030793428337682763
/data/CDSLSahinalp/bridgersjd/salems_sims/RECOMB-oct_1_2024/simNo_1-s_7-m_8-h_1-minCP_0.10-ISAV_0-n_8-fp_0.001-fn_0.1-na_0-d_0-l_1000000.SC.after_noise	0.001	0.1	cell_2,cell_6	10	mut5	0	0.01214024586085406341377149684	0.05126431853495793681312730005
/data/CDSLSahinalp/bridgersjd/salems_sims/RECOMB-oct_1_2024/simNo_1-s_7-m_8-h_1-minCP_0.10-ISAV_0-n_8-fp_0.001-fn_0.1-na_0-d_0-l_1000000.SC.after_noise	0.001	0.1	cell_2,cell_6	100	mut5	0	1.157720506589987004673552719	1.472450832046465790202298331
/data/CDSLSahinalp/bridgersjd/salems_sims/RECOMB-oct_1_2024/simNo_1-s_7-m_8-h_1-minCP_0.10-ISAV_0-n_8-fp_0.001-fn_0.1-na_0-d_0-l_1000000.SC.after_noise	0.001	0.1	cell_2,cell_6	1000	mut5	0	11.41584037815033844552069305	14.21048101430896278808010099
/data/CDSLSahinalp/bridgersjd/salems_sims/RECOMB-oct_1_2024/simNo_1-s_7-m_8-h_1-minCP_0.10-ISAV_0-n_8-fp_0.001-fn_0.1-na_0-d_0-l_1000000.SC.after_noise	0.001	0.1	cell_2,cell_6	10000	mut5	0	105.9372816915965353347237617	135.3520340160368357670509127
/data/CDSLSahinalp/bridgersjd/salems_sims/RECOMB-oct_1_2024/simNo_1-s_7-m_8-h_1-minCP_0.10-ISAV_0-n_8-fp_0.001-fn_0.1-na_0-d_0-l_1000000.SC.after_noise	0.001	0.1	cell_2,cell_6	100000	mut5	0	1110.121178891479917031978303	1396.000013254707759383803779
/data/CDSLSahinalp/bridgersjd/salems_sims/RECOMB-oct_1_2024/simNo_7-s_7-m_8-h_1-minCP_0.10-ISAV_0-n_8-fp_0.001-fn_0.1-na_0-d_0-l_1000000.SC.after_noise	0.001	0.1	cell_2,cell_7	10	mut1	0	0.03796516008415467777504589985	0.04099865005989700914941812983
/data/CDSLSahinalp/bridgersjd/salems_sims/RECOMB-oct_1_2024/simNo_7-s_7-m_8-h_1-minCP_0.10-ISAV_0-n_8-fp_0.001-fn_0.1-na_0-d_0-l_1000000.SC.after_noise	0.001	0.1	cell_2,cell_7	100	mut1	0	0.3748072548054475624277361787	0.4206934125660269804351433021
/data/CDSLSahinalp/bridgersjd/salems_sims/RECOMB-oct_1_2024/simNo_7-s_7-m_8-h_1-minCP_0.10-ISAV_0-n_8-fp_0.001-fn_0.1-na_0-d_0-l_1000000.SC.after_noise	0.001	0.1	cell_2,cell_7	1000	mut1	0	4.122122652913891097813574425	4.604663838755159324593231056
/data/CDSLSahinalp/bridgersjd/salems_sims/RECOMB-oct_1_2024/simNo_7-s_7-m_8-h_1-minCP_0.10-ISAV_0-n_8-fp_0.001-fn_0.1-na_0-d_0-l_1000000.SC.after_noise	0.001	0.1	cell_2,cell_7	10000	mut1	0	41.79229985892692090829294142	46.48184556331693913437263845
/data/CDSLSahinalp/bridgersjd/salems_sims/RECOMB-oct_1_2024/simNo_7-s_7-m_8-h_1-minCP_0.10-ISAV_0-n_8-fp_0.001-fn_0.1-na_0-d_0-l_1000000.SC.after_noise	0.001	0.1	cell_2,cell_7	100000	mut1	0	416.5100811377082579249833471	463.3777037030793428337682763
/data/CDSLSahinalp/bridgersjd/salems_sims/RECOMB-oct_1_2024/simNo_9-s_7-m_8-h_1-minCP_0.10-ISAV_0-n_8-fp_0.001-fn_0.1-na_0-d_0-l_1000000.SC.after_noise	0.001	0.1	cell_2,cell_7	10	mut6	0	0.002431264089581115557392750043	0.002604857697198370028871562781
/data/CDSLSahinalp/bridgersjd/salems_sims/RECOMB-oct_1_2024/simNo_9-s_7-m_8-h_1-minCP_0.10-ISAV_0-n_8-fp_0.001-fn_0.1-na_0-d_0-l_1000000.SC.after_noise	0.001	0.1	cell_2,cell_7	100	mut6	0	0.04208610331395152496832658494	0.04290005890526504060245337623
/data/CDSLSahinalp/bridgersjd/salems_sims/RECOMB-oct_1_2024/simNo_9-s_7-m_8-h_1-minCP_0.10-ISAV_0-n_8-fp_0.001-fn_0.1-na_0-d_0-l_1000000.SC.after_noise	0.001	0.1	cell_2,cell_7	1000	mut6	0	0.4739301282981519754360595297	0.4868634085231663146980015491
/data/CDSLSahinalp/bridgersjd/salems_sims/RECOMB-oct_1_2024/simNo_9-s_7-m_8-h_1-minCP_0.10-ISAV_0-n_8-fp_0.001-fn_0.1-na_0-d_0-l_1000000.SC.after_noise	0.001	0.1	cell_2,cell_7	10000	mut6	0	4.604029939098370669813852167	4.704314484357509053652385030
/data/CDSLSahinalp/bridgersjd/salems_sims/RECOMB-oct_1_2024/simNo_9-s_7-m_8-h_1-minCP_0.10-ISAV_0-n_8-fp_0.001-fn_0.1-na_0-d_0-l_1000000.SC.after_noise	0.001	0.1	cell_2,cell_7	100000	mut6	0	47.27192067407931519179530919	48.23806403001167599517677367
/data/CDSLSahinalp/bridgersjd/salems_sims/RECOMB-oct_1_2024/simNo_3-s_7-m_8-h_1-minCP_0.10-ISAV_0-n_8-fp_0.001-fn_0.1-na_0-d_0-l_1000000.SC.after_noise	0.001	0.1	cell_2	10	mut2	0	20.43281946707342067396385473	20.86232580087221173138357241
/data/CDSLSahinalp/bridgersjd/salems_sims/RECOMB-oct_1_2024/simNo_3-s_7-m_8-h_1-minCP_0.10-ISAV_0-n_8-fp_0.001-fn_0.1-na_0-d_0-l_1000000.SC.after_noise	0.001	0.1	cell_2	100	mut2	0	246.4063564300425582830745565	253.9240092874400474987212766
/data/CDSLSahinalp/bridgersjd/salems_sims/RECOMB-oct_1_2024/simNo_3-s_7-m_8-h_1-minCP_0.10-ISAV_0-n_8-fp_0.001-fn_0.1-na_0-d_0-l_1000000.SC.after_noise	0.001	0.1	cell_2	1000	mut2	0	2261.440120129697738103168369	2337.532264414695283937508133
/data/CDSLSahinalp/bridgersjd/salems_sims/RECOMB-oct_1_2024/simNo_3-s_7-m_8-h_1-minCP_0.10-ISAV_0-n_8-fp_0.001-fn_0.1-na_0-d_0-l_1000000.SC.after_noise	0.001	0.1	cell_2	10000	mut2	0	22624.27832289283998424980919	23354.02654823468951630866431
/data/CDSLSahinalp/bridgersjd/salems_sims/RECOMB-oct_1_2024/simNo_3-s_7-m_8-h_1-minCP_0.10-ISAV_0-n_8-fp_0.001-fn_0.1-na_0-d_0-l_1000000.SC.after_noise	0.001	0.1	cell_2	100000	mut2	0	229034.7962751142405495601286	236193.2535218026292687954561
/data/CDSLSahinalp/bridgersjd/salems_sims/RECOMB-oct_1_2024/simNo_7-s_7-m_8-h_1-minCP_0.10-ISAV_0-n_8-fp_0.001-fn_0.1-na_0-d_0-l_1000000.SC.after_noise	0.001	0.1	cell_2	10	mut3	0	0.03735183521997203119757536050	0.04099865005989700914941812983
/data/CDSLSahinalp/bridgersjd/salems_sims/RECOMB-oct_1_2024/simNo_7-s_7-m_8-h_1-minCP_0.10-ISAV_0-n_8-fp_0.001-fn_0.1-na_0-d_0-l_1000000.SC.after_noise	0.001	0.1	cell_2	100	mut3	0	0.3839099871086126116656755436	0.4206934125660270633603688807
/data/CDSLSahinalp/bridgersjd/salems_sims/RECOMB-oct_1_2024/simNo_7-s_7-m_8-h_1-minCP_0.10-ISAV_0-n_8-fp_0.001-fn_0.1-na_0-d_0-l_1000000.SC.after_noise	0.001	0.1	cell_2	1000	mut3	0	4.197557236992813233471259059	4.604663838755159324593231056
/data/CDSLSahinalp/bridgersjd/salems_sims/RECOMB-oct_1_2024/simNo_7-s_7-m_8-h_1-minCP_0.10-ISAV_0-n_8-fp_0.001-fn_0.1-na_0-d_0-l_1000000.SC.after_noise	0.001	0.1	cell_2	10000	mut3	0	42.36406721447949486841600629	46.48184556331693913437263845
/data/CDSLSahinalp/bridgersjd/salems_sims/RECOMB-oct_1_2024/simNo_7-s_7-m_8-h_1-minCP_0.10-ISAV_0-n_8-fp_0.001-fn_0.1-na_0-d_0-l_1000000.SC.after_noise	0.001	0.1	cell_2	100000	mut3	0	422.3742486221009423722356665	463.3777037030793428337682763
/data/CDSLSahinalp/bridgersjd/salems_sims/RECOMB-oct_1_2024/simNo_10-s_7-m_8-h_1-minCP_0.10-ISAV_0-n_8-fp_0.001-fn_0.1-na_0-d_0-l_1000000.SC.after_noise	0.001	0.1	cell_2	10	mut4	0	0.06996642151049457091734234264	0.07019072777198973641610171542
/data/CDSLSahinalp/bridgersjd/salems_sims/RECOMB-oct_1_2024/simNo_7-s_7-m_8-h_1-minCP_0.10-ISAV_0-n_8-fp_0.001-fn_0.1-na_0-d_0-l_1000000.SC.after_noise	0.001	0.1	cell_2	10	mut4	0	0.03735183521997203119757536050	0.04099865005989700914941812983
/data/CDSLSahinalp/bridgersjd/salems_sims/RECOMB-oct_1_2024/simNo_10-s_7-m_8-h_1-minCP_0.10-ISAV_0-n_8-fp_0.001-fn_0.1-na_0-d_0-l_1000000.SC.after_noise	0.001	0.1	cell_2	100	mut4	0	0.4439239052575171164651115688	0.4453497935334888117349567727
/data/CDSLSahinalp/bridgersjd/salems_sims/RECOMB-oct_1_2024/simNo_7-s_7-m_8-h_1-minCP_0.10-ISAV_0-n_8-fp_0.001-fn_0.1-na_0-d_0-l_1000000.SC.after_noise	0.001	0.1	cell_2	100	mut4	0	0.3839099871086126116656755436	0.4206934125660270633603688807
/data/CDSLSahinalp/bridgersjd/salems_sims/RECOMB-oct_1_2024/simNo_10-s_7-m_8-h_1-minCP_0.10-ISAV_0-n_8-fp_0.001-fn_0.1-na_0-d_0-l_1000000.SC.after_noise	0.001	0.1	cell_2	1000	mut4	0	5.247825907649299219139653826	5.264112282294822331930915603
/data/CDSLSahinalp/bridgersjd/salems_sims/RECOMB-oct_1_2024/simNo_7-s_7-m_8-h_1-minCP_0.10-ISAV_0-n_8-fp_0.001-fn_0.1-na_0-d_0-l_1000000.SC.after_noise	0.001	0.1	cell_2	1000	mut4	0	4.197557236992813233471259059	4.604663838755159324593231056
/data/CDSLSahinalp/bridgersjd/salems_sims/RECOMB-oct_1_2024/simNo_10-s_7-m_8-h_1-minCP_0.10-ISAV_0-n_8-fp_0.001-fn_0.1-na_0-d_0-l_1000000.SC.after_noise	0.001	0.1	cell_2	10000	mut4	0	56.40407262473755341452066453	56.57878673288419240880544884
/data/CDSLSahinalp/bridgersjd/salems_sims/RECOMB-oct_1_2024/simNo_7-s_7-m_8-h_1-minCP_0.10-ISAV_0-n_8-fp_0.001-fn_0.1-na_0-d_0-l_1000000.SC.after_noise	0.001	0.1	cell_2	10000	mut4	0	42.36406721447949486841600629	46.48184556331693913437263845
/data/CDSLSahinalp/bridgersjd/salems_sims/RECOMB-oct_1_2024/simNo_10-s_7-m_8-h_1-minCP_0.10-ISAV_0-n_8-fp_0.001-fn_0.1-na_0-d_0-l_1000000.SC.after_noise	0.001	0.1	cell_2	100000	mut4	0	575.1152259687735484289128990	576.8925150955341110222677874
/data/CDSLSahinalp/bridgersjd/salems_sims/RECOMB-oct_1_2024/simNo_7-s_7-m_8-h_1-minCP_0.10-ISAV_0-n_8-fp_0.001-fn_0.1-na_0-d_0-l_1000000.SC.after_noise	0.001	0.1	cell_2	100000	mut4	0	422.3742486221008503782241795	463.3777037030792413597008894
/data/CDSLSahinalp/bridgersjd/salems_sims/RECOMB-oct_1_2024/simNo_10-s_7-m_8-h_1-minCP_0.10-ISAV_0-n_8-fp_0.001-fn_0.1-na_0-d_0-l_1000000.SC.after_noise	0.001	0.1	cell_2	10	mut5	0	0.06996642151049457091734234264	0.07019072777198973641610171542
/data/CDSLSahinalp/bridgersjd/salems_sims/RECOMB-oct_1_2024/simNo_10-s_7-m_8-h_1-minCP_0.10-ISAV_0-n_8-fp_0.001-fn_0.1-na_0-d_0-l_1000000.SC.after_noise	0.001	0.1	cell_2	100	mut5	0	0.4439239052575171164651115688	0.4453497935334888117349567727
/data/CDSLSahinalp/bridgersjd/salems_sims/RECOMB-oct_1_2024/simNo_10-s_7-m_8-h_1-minCP_0.10-ISAV_0-n_8-fp_0.001-fn_0.1-na_0-d_0-l_1000000.SC.after_noise	0.001	0.1	cell_2	1000	mut5	0	5.247825907649299219139653826	5.264112282294822331930915603
/data/CDSLSahinalp/bridgersjd/salems_sims/RECOMB-oct_1_2024/simNo_10-s_7-m_8-h_1-minCP_0.10-ISAV_0-n_8-fp_0.001-fn_0.1-na_0-d_0-l_1000000.SC.after_noise	0.001	0.1	cell_2	10000	mut5	0	56.40407262473755341452066453	56.57878673288419240880544884
/data/CDSLSahinalp/bridgersjd/salems_sims/RECOMB-oct_1_2024/simNo_10-s_7-m_8-h_1-minCP_0.10-ISAV_0-n_8-fp_0.001-fn_0.1-na_0-d_0-l_1000000.SC.after_noise	0.001	0.1	cell_2	100000	mut5	0	575.1152259687735484289128990	576.8925150955341110222677874
/data/CDSLSahinalp/bridgersjd/salems_sims/RECOMB-oct_1_2024/simNo_7-s_7-m_8-h_1-minCP_0.10-ISAV_0-n_8-fp_0.001-fn_0.1-na_0-d_0-l_1000000.SC.after_noise	0.001	0.1	cell_2	10	mut7	0	0.03735183521997203119757536050	0.04099865005989700914941812983
/data/CDSLSahinalp/bridgersjd/salems_sims/RECOMB-oct_1_2024/simNo_7-s_7-m_8-h_1-minCP_0.10-ISAV_0-n_8-fp_0.001-fn_0.1-na_0-d_0-l_1000000.SC.after_noise	0.001	0.1	cell_2	100	mut7	0	0.3839099871086126116656755436	0.4206934125660270633603688807
/data/CDSLSahinalp/bridgersjd/salems_sims/RECOMB-oct_1_2024/simNo_7-s_7-m_8-h_1-minCP_0.10-ISAV_0-n_8-fp_0.001-fn_0.1-na_0-d_0-l_1000000.SC.after_noise	0.001	0.1	cell_2	1000	mut7	0	4.197557236992813233471259059	4.604663838755159324593231056
/data/CDSLSahinalp/bridgersjd/salems_sims/RECOMB-oct_1_2024/simNo_7-s_7-m_8-h_1-minCP_0.10-ISAV_0-n_8-fp_0.001-fn_0.1-na_0-d_0-l_1000000.SC.after_noise	0.001	0.1	cell_2	10000	mut7	0	42.36406721447949486841600629	46.48184556331693913437263845
/data/CDSLSahinalp/bridgersjd/salems_sims/RECOMB-oct_1_2024/simNo_7-s_7-m_8-h_1-minCP_0.10-ISAV_0-n_8-fp_0.001-fn_0.1-na_0-d_0-l_1000000.SC.after_noise	0.001	0.1	cell_2	100000	mut7	0	422.3742486221008503782241795	463.3777037030792413597008894
/data/CDSLSahinalp/bridgersjd/salems_sims/RECOMB-oct_1_2024/simNo_10-s_7-m_8-h_1-minCP_0.10-ISAV_0-n_8-fp_0.001-fn_0.1-na_0-d_0-l_1000000.SC.after_noise	0.001	0.1	cell_3,cell_4,cell_5	10	mut2	0	0.06722963044900887171976173157	0.07019072777198973641610171542
/data/CDSLSahinalp/bridgersjd/salems_sims/RECOMB-oct_1_2024/simNo_10-s_7-m_8-h_1-minCP_0.10-ISAV_0-n_8-fp_0.001-fn_0.1-na_0-d_0-l_1000000.SC.after_noise	0.001	0.1	cell_3,cell_4,cell_5	100	mut2	0	0.4102405450744624263915810611	0.4453497935334888117349567727
/data/CDSLSahinalp/bridgersjd/salems_sims/RECOMB-oct_1_2024/simNo_10-s_7-m_8-h_1-minCP_0.10-ISAV_0-n_8-fp_0.001-fn_0.1-na_0-d_0-l_1000000.SC.after_noise	0.001	0.1	cell_3,cell_4,cell_5	1000	mut2	0	4.971290744049027750834347313	5.264112282294822331930915603
/data/CDSLSahinalp/bridgersjd/salems_sims/RECOMB-oct_1_2024/simNo_10-s_7-m_8-h_1-minCP_0.10-ISAV_0-n_8-fp_0.001-fn_0.1-na_0-d_0-l_1000000.SC.after_noise	0.001	0.1	cell_3,cell_4,cell_5	10000	mut2	0	53.54352099494410692585503195	56.57878673288419240880544884
/data/CDSLSahinalp/bridgersjd/salems_sims/RECOMB-oct_1_2024/simNo_10-s_7-m_8-h_1-minCP_0.10-ISAV_0-n_8-fp_0.001-fn_0.1-na_0-d_0-l_1000000.SC.after_noise	0.001	0.1	cell_3,cell_4,cell_5	100000	mut2	0	545.8484743146486522316359066	576.8925150955340945896430324
/data/CDSLSahinalp/bridgersjd/salems_sims/RECOMB-oct_1_2024/simNo_8-s_7-m_8-h_1-minCP_0.10-ISAV_0-n_8-fp_0.001-fn_0.1-na_0-d_0-l_1000000.SC.after_noise	0.001	0.1	cell_3,cell_4,cell_5	10	mut4	0	2.514446799394154651313481391	2.721962155675509672118321688
/data/CDSLSahinalp/bridgersjd/salems_sims/RECOMB-oct_1_2024/simNo_8-s_7-m_8-h_1-minCP_0.10-ISAV_0-n_8-fp_0.001-fn_0.1-na_0-d_0-l_1000000.SC.after_noise	0.001	0.1	cell_3,cell_4,cell_5	100	mut4	0	23.94601501830163833820273783	26.01632684393969926343875695
/data/CDSLSahinalp/bridgersjd/salems_sims/RECOMB-oct_1_2024/simNo_8-s_7-m_8-h_1-minCP_0.10-ISAV_0-n_8-fp_0.001-fn_0.1-na_0-d_0-l_1000000.SC.after_noise	0.001	0.1	cell_3,cell_4,cell_5	1000	mut4	0	222.5430558317639269884938552	240.5201491888822152849388352
/data/CDSLSahinalp/bridgersjd/salems_sims/RECOMB-oct_1_2024/simNo_8-s_7-m_8-h_1-minCP_0.10-ISAV_0-n_8-fp_0.001-fn_0.1-na_0-d_0-l_1000000.SC.after_noise	0.001	0.1	cell_3,cell_4,cell_5	10000	mut4	0	2267.007008112371524903842939	2450.363367605916773811171540
/data/CDSLSahinalp/bridgersjd/salems_sims/RECOMB-oct_1_2024/simNo_8-s_7-m_8-h_1-minCP_0.10-ISAV_0-n_8-fp_0.001-fn_0.1-na_0-d_0-l_1000000.SC.after_noise	0.001	0.1	cell_3,cell_4,cell_5	100000	mut4	0	22759.83983088849585012265556	24620.82806573949051092099469
/data/CDSLSahinalp/bridgersjd/salems_sims/RECOMB-oct_1_2024/simNo_8-s_7-m_8-h_1-minCP_0.10-ISAV_0-n_8-fp_0.001-fn_0.1-na_0-d_0-l_1000000.SC.after_noise	0.001	0.1	cell_3,cell_4,cell_5	10	mut5	0	2.514446799394154651313481391	2.721962155675509672118321688
/data/CDSLSahinalp/bridgersjd/salems_sims/RECOMB-oct_1_2024/simNo_8-s_7-m_8-h_1-minCP_0.10-ISAV_0-n_8-fp_0.001-fn_0.1-na_0-d_0-l_1000000.SC.after_noise	0.001	0.1	cell_3,cell_4,cell_5	100	mut5	0	23.94601501830163833820273783	26.01632684393969926343875695
/data/CDSLSahinalp/bridgersjd/salems_sims/RECOMB-oct_1_2024/simNo_8-s_7-m_8-h_1-minCP_0.10-ISAV_0-n_8-fp_0.001-fn_0.1-na_0-d_0-l_1000000.SC.after_noise	0.001	0.1	cell_3,cell_4,cell_5	1000	mut5	0	222.5430558317639269884938552	240.5201491888822152849388352
/data/CDSLSahinalp/bridgersjd/salems_sims/RECOMB-oct_1_2024/simNo_8-s_7-m_8-h_1-minCP_0.10-ISAV_0-n_8-fp_0.001-fn_0.1-na_0-d_0-l_1000000.SC.after_noise	0.001	0.1	cell_3,cell_4,cell_5	10000	mut5	0	2267.007008112371524903842939	2450.363367605916773811171540
/data/CDSLSahinalp/bridgersjd/salems_sims/RECOMB-oct_1_2024/simNo_8-s_7-m_8-h_1-minCP_0.10-ISAV_0-n_8-fp_0.001-fn_0.1-na_0-d_0-l_1000000.SC.after_noise	0.001	0.1	cell_3,cell_4,cell_5	100000	mut5	0	22759.83983088849585012265556	24620.82806573949051092099469
/data/CDSLSahinalp/bridgersjd/salems_sims/RECOMB-oct_1_2024/simNo_2-s_7-m_8-h_1-minCP_0.10-ISAV_0-n_8-fp_0.001-fn_0.1-na_0-d_0-l_1000000.SC.after_noise	0.001	0.1	cell_3,cell_5,cell_6	10	mut2	0	0.1226839099831900518552565057	97.73396720133580187626698588
/data/CDSLSahinalp/bridgersjd/salems_sims/RECOMB-oct_1_2024/simNo_2-s_7-m_8-h_1-minCP_0.10-ISAV_0-n_8-fp_0.001-fn_0.1-na_0-d_0-l_1000000.SC.after_noise	0.001	0.1	cell_3,cell_5,cell_6	100	mut2	0	1.351777580515216058541621296	1045.154196859067129080652384
/data/CDSLSahinalp/bridgersjd/salems_sims/RECOMB-oct_1_2024/simNo_2-s_7-m_8-h_1-minCP_0.10-ISAV_0-n_8-fp_0.001-fn_0.1-na_0-d_0-l_1000000.SC.after_noise	0.001	0.1	cell_3,cell_5,cell_6	1000	mut2	0	14.47185461747895772995319382	9331.236686749843994047350349
/data/CDSLSahinalp/bridgersjd/salems_sims/RECOMB-oct_1_2024/simNo_2-s_7-m_8-h_1-minCP_0.10-ISAV_0-n_8-fp_0.001-fn_0.1-na_0-d_0-l_1000000.SC.after_noise	0.001	0.1	cell_3,cell_5,cell_6	10000	mut2	0	128.2554686629916022021552175	91091.35394427750094056147486
/data/CDSLSahinalp/bridgersjd/salems_sims/RECOMB-oct_1_2024/simNo_2-s_7-m_8-h_1-minCP_0.10-ISAV_0-n_8-fp_0.001-fn_0.1-na_0-d_0-l_1000000.SC.after_noise	0.001	0.1	cell_3,cell_5,cell_6	100000	mut2	0	1279.083704726043226667091210	911704.0839354169985035022735
/data/CDSLSahinalp/bridgersjd/salems_sims/RECOMB-oct_1_2024/simNo_7-s_7-m_8-h_1-minCP_0.10-ISAV_0-n_8-fp_0.001-fn_0.1-na_0-d_0-l_1000000.SC.after_noise	0.001	0.1	cell_3,cell_5	10	mut2	0	0.03723622922556040394953570406	0.04099865005989700914941812983
/data/CDSLSahinalp/bridgersjd/salems_sims/RECOMB-oct_1_2024/simNo_7-s_7-m_8-h_1-minCP_0.10-ISAV_0-n_8-fp_0.001-fn_0.1-na_0-d_0-l_1000000.SC.after_noise	0.001	0.1	cell_3,cell_5	100	mut2	0	0.3825898725671480222426720959	0.4206934125660269804351433021
/data/CDSLSahinalp/bridgersjd/salems_sims/RECOMB-oct_1_2024/simNo_7-s_7-m_8-h_1-minCP_0.10-ISAV_0-n_8-fp_0.001-fn_0.1-na_0-d_0-l_1000000.SC.after_noise	0.001	0.1	cell_3,cell_5	1000	mut2	0	4.190745820591299998470349648	4.604663838755159324593231056
/data/CDSLSahinalp/bridgersjd/salems_sims/RECOMB-oct_1_2024/simNo_7-s_7-m_8-h_1-minCP_0.10-ISAV_0-n_8-fp_0.001-fn_0.1-na_0-d_0-l_1000000.SC.after_noise	0.001	0.1	cell_3,cell_5	10000	mut2	0	42.29690254945895898729456640	46.48184556331693913437263845
/data/CDSLSahinalp/bridgersjd/salems_sims/RECOMB-oct_1_2024/simNo_7-s_7-m_8-h_1-minCP_0.10-ISAV_0-n_8-fp_0.001-fn_0.1-na_0-d_0-l_1000000.SC.after_noise	0.001	0.1	cell_3,cell_5	100000	mut2	0	421.6153581943758316943645602	463.3777037030793428337682763
/data/CDSLSahinalp/bridgersjd/salems_sims/RECOMB-oct_1_2024/simNo_8-s_7-m_8-h_1-minCP_0.10-ISAV_0-n_8-fp_0.001-fn_0.1-na_0-d_0-l_1000000.SC.after_noise	0.001	0.1	cell_3,cell_5	10	mut6	0	2.299609592818042543750440097	2.721962155675509350629549125
/data/CDSLSahinalp/bridgersjd/salems_sims/RECOMB-oct_1_2024/simNo_8-s_7-m_8-h_1-minCP_0.10-ISAV_0-n_8-fp_0.001-fn_0.1-na_0-d_0-l_1000000.SC.after_noise	0.001	0.1	cell_3,cell_5	100	mut6	0	19.94249115271321216297213805	26.01632684393969926343875695
/data/CDSLSahinalp/bridgersjd/salems_sims/RECOMB-oct_1_2024/simNo_8-s_7-m_8-h_1-minCP_0.10-ISAV_0-n_8-fp_0.001-fn_0.1-na_0-d_0-l_1000000.SC.after_noise	0.001	0.1	cell_3,cell_5	1000	mut6	0	180.9980717420941068080505778	240.5201491888822152849388352
/data/CDSLSahinalp/bridgersjd/salems_sims/RECOMB-oct_1_2024/simNo_8-s_7-m_8-h_1-minCP_0.10-ISAV_0-n_8-fp_0.001-fn_0.1-na_0-d_0-l_1000000.SC.after_noise	0.001	0.1	cell_3,cell_5	10000	mut6	0	1849.356910131792505516891991	2450.363367605916773811171540
/data/CDSLSahinalp/bridgersjd/salems_sims/RECOMB-oct_1_2024/simNo_8-s_7-m_8-h_1-minCP_0.10-ISAV_0-n_8-fp_0.001-fn_0.1-na_0-d_0-l_1000000.SC.after_noise	0.001	0.1	cell_3,cell_5	100000	mut6	0	18514.26722342486904917983243	24620.82806573949051092099469
/data/CDSLSahinalp/bridgersjd/salems_sims/RECOMB-oct_1_2024/simNo_2-s_7-m_8-h_1-minCP_0.10-ISAV_0-n_8-fp_0.001-fn_0.1-na_0-d_0-l_1000000.SC.after_noise	0.001	0.1	cell_3,cell_6	10	mut3	0	93.76536631394237327682350620	97.73396720133580187626698588
/data/CDSLSahinalp/bridgersjd/salems_sims/RECOMB-oct_1_2024/simNo_2-s_7-m_8-h_1-minCP_0.10-ISAV_0-n_8-fp_0.001-fn_0.1-na_0-d_0-l_1000000.SC.after_noise	0.001	0.1	cell_3,cell_6	100	mut3	0	978.3015245260400923054783390	1045.154196859067129080652384
/data/CDSLSahinalp/bridgersjd/salems_sims/RECOMB-oct_1_2024/simNo_2-s_7-m_8-h_1-minCP_0.10-ISAV_0-n_8-fp_0.001-fn_0.1-na_0-d_0-l_1000000.SC.after_noise	0.001	0.1	cell_3,cell_6	1000	mut3	0	8716.080583174676239105627799	9331.236686749843994047350349
/data/CDSLSahinalp/bridgersjd/salems_sims/RECOMB-oct_1_2024/simNo_2-s_7-m_8-h_1-minCP_0.10-ISAV_0-n_8-fp_0.001-fn_0.1-na_0-d_0-l_1000000.SC.after_noise	0.001	0.1	cell_3,cell_6	10000	mut3	0	85269.10721054368784540788546	91091.35394427750094056147486
/data/CDSLSahinalp/bridgersjd/salems_sims/RECOMB-oct_1_2024/simNo_2-s_7-m_8-h_1-minCP_0.10-ISAV_0-n_8-fp_0.001-fn_0.1-na_0-d_0-l_1000000.SC.after_noise	0.001	0.1	cell_3,cell_6	100000	mut3	0	853783.3024940132153083442017	911704.0839354169985035022735
/data/CDSLSahinalp/bridgersjd/salems_sims/RECOMB-oct_1_2024/simNo_2-s_7-m_8-h_1-minCP_0.10-ISAV_0-n_8-fp_0.001-fn_0.1-na_0-d_0-l_1000000.SC.after_noise	0.001	0.1	cell_3,cell_6	10	mut4	0	93.76536631394237327682350620	97.73396720133580187626698588
/data/CDSLSahinalp/bridgersjd/salems_sims/RECOMB-oct_1_2024/simNo_2-s_7-m_8-h_1-minCP_0.10-ISAV_0-n_8-fp_0.001-fn_0.1-na_0-d_0-l_1000000.SC.after_noise	0.001	0.1	cell_3,cell_6	100	mut4	0	978.3015245260400923054783390	1045.154196859067129080652384
/data/CDSLSahinalp/bridgersjd/salems_sims/RECOMB-oct_1_2024/simNo_2-s_7-m_8-h_1-minCP_0.10-ISAV_0-n_8-fp_0.001-fn_0.1-na_0-d_0-l_1000000.SC.after_noise	0.001	0.1	cell_3,cell_6	1000	mut4	0	8716.080583174676239105627799	9331.236686749843994047350349
/data/CDSLSahinalp/bridgersjd/salems_sims/RECOMB-oct_1_2024/simNo_2-s_7-m_8-h_1-minCP_0.10-ISAV_0-n_8-fp_0.001-fn_0.1-na_0-d_0-l_1000000.SC.after_noise	0.001	0.1	cell_3,cell_6	10000	mut4	0	85269.10721054369131557832270	91091.35394427750480441842483
/data/CDSLSahinalp/bridgersjd/salems_sims/RECOMB-oct_1_2024/simNo_2-s_7-m_8-h_1-minCP_0.10-ISAV_0-n_8-fp_0.001-fn_0.1-na_0-d_0-l_1000000.SC.after_noise	0.001	0.1	cell_3,cell_6	100000	mut4	0	853783.3024940132153083442017	911704.0839354169985035022735
/data/CDSLSahinalp/bridgersjd/salems_sims/RECOMB-oct_1_2024/simNo_7-s_7-m_8-h_1-minCP_0.10-ISAV_0-n_8-fp_0.001-fn_0.1-na_0-d_0-l_1000000.SC.after_noise	0.001	0.1	cell_3	10	mut5	0	0.03687178678869542115669749897	0.04099865005989700914941812983
/data/CDSLSahinalp/bridgersjd/salems_sims/RECOMB-oct_1_2024/simNo_7-s_7-m_8-h_1-minCP_0.10-ISAV_0-n_8-fp_0.001-fn_0.1-na_0-d_0-l_1000000.SC.after_noise	0.001	0.1	cell_3	100	mut5	0	0.3783925244533550360633443627	0.4206934125660270633603688807
/data/CDSLSahinalp/bridgersjd/salems_sims/RECOMB-oct_1_2024/simNo_7-s_7-m_8-h_1-minCP_0.10-ISAV_0-n_8-fp_0.001-fn_0.1-na_0-d_0-l_1000000.SC.after_noise	0.001	0.1	cell_3	1000	mut5	0	4.141952690457071713069189572	4.604663838755159324593231056
/data/CDSLSahinalp/bridgersjd/salems_sims/RECOMB-oct_1_2024/simNo_7-s_7-m_8-h_1-minCP_0.10-ISAV_0-n_8-fp_0.001-fn_0.1-na_0-d_0-l_1000000.SC.after_noise	0.001	0.1	cell_3	10000	mut5	0	41.81040000319808765994262903	46.48184556331693913437263845
/data/CDSLSahinalp/bridgersjd/salems_sims/RECOMB-oct_1_2024/simNo_7-s_7-m_8-h_1-minCP_0.10-ISAV_0-n_8-fp_0.001-fn_0.1-na_0-d_0-l_1000000.SC.after_noise	0.001	0.1	cell_3	100000	mut5	0	416.8041219055088208520607384	463.3777037030792413597008894
/data/CDSLSahinalp/bridgersjd/salems_sims/RECOMB-oct_1_2024/simNo_7-s_7-m_8-h_1-minCP_0.10-ISAV_0-n_8-fp_0.001-fn_0.1-na_0-d_0-l_1000000.SC.after_noise	0.001	0.1	cell_3	10	mut6	0	0.03687178678869542115669749897	0.04099865005989700914941812983
/data/CDSLSahinalp/bridgersjd/salems_sims/RECOMB-oct_1_2024/simNo_7-s_7-m_8-h_1-minCP_0.10-ISAV_0-n_8-fp_0.001-fn_0.1-na_0-d_0-l_1000000.SC.after_noise	0.001	0.1	cell_3	100	mut6	0	0.3783925244533550360633443627	0.4206934125660270633603688807
/data/CDSLSahinalp/bridgersjd/salems_sims/RECOMB-oct_1_2024/simNo_7-s_7-m_8-h_1-minCP_0.10-ISAV_0-n_8-fp_0.001-fn_0.1-na_0-d_0-l_1000000.SC.after_noise	0.001	0.1	cell_3	1000	mut6	0	4.141952690457071713069189572	4.604663838755159324593231056
/data/CDSLSahinalp/bridgersjd/salems_sims/RECOMB-oct_1_2024/simNo_7-s_7-m_8-h_1-minCP_0.10-ISAV_0-n_8-fp_0.001-fn_0.1-na_0-d_0-l_1000000.SC.after_noise	0.001	0.1	cell_3	10000	mut6	0	41.81040000319808765994262903	46.48184556331693913437263845
/data/CDSLSahinalp/bridgersjd/salems_sims/RECOMB-oct_1_2024/simNo_7-s_7-m_8-h_1-minCP_0.10-ISAV_0-n_8-fp_0.001-fn_0.1-na_0-d_0-l_1000000.SC.after_noise	0.001	0.1	cell_3	100000	mut6	0	416.8041219055088208520607384	463.3777037030792413597008894
/data/CDSLSahinalp/bridgersjd/salems_sims/RECOMB-oct_1_2024/simNo_1-s_7-m_8-h_1-minCP_0.10-ISAV_0-n_8-fp_0.001-fn_0.1-na_0-d_0-l_1000000.SC.after_noise	0.001	0.1	cell_4	10	mut6	0	0.05094510901747209688743170598	0.05126431853495793789785980696
/data/CDSLSahinalp/bridgersjd/salems_sims/RECOMB-oct_1_2024/simNo_1-s_7-m_8-h_1-minCP_0.10-ISAV_0-n_8-fp_0.001-fn_0.1-na_0-d_0-l_1000000.SC.after_noise	0.001	0.1	cell_4	100	mut6	0	1.467253564077087099874484242	1.472450832046466191770090864
/data/CDSLSahinalp/bridgersjd/salems_sims/RECOMB-oct_1_2024/simNo_1-s_7-m_8-h_1-minCP_0.10-ISAV_0-n_8-fp_0.001-fn_0.1-na_0-d_0-l_1000000.SC.after_noise	0.001	0.1	cell_4	1000	mut6	0	14.13349380458575079782177722	14.21048101430896278808010099
/data/CDSLSahinalp/bridgersjd/salems_sims/RECOMB-oct_1_2024/simNo_1-s_7-m_8-h_1-minCP_0.10-ISAV_0-n_8-fp_0.001-fn_0.1-na_0-d_0-l_1000000.SC.after_noise	0.001	0.1	cell_4	10000	mut6	0	134.2007118775736444780992441	135.3520340160368357670509127
/data/CDSLSahinalp/bridgersjd/salems_sims/RECOMB-oct_1_2024/simNo_1-s_7-m_8-h_1-minCP_0.10-ISAV_0-n_8-fp_0.001-fn_0.1-na_0-d_0-l_1000000.SC.after_noise	0.001	0.1	cell_4	100000	mut6	0	1381.501422246021123775577893	1396.000013254707759383803779
/data/CDSLSahinalp/bridgersjd/salems_sims/RECOMB-oct_1_2024/simNo_1-s_7-m_8-h_1-minCP_0.10-ISAV_0-n_8-fp_0.001-fn_0.1-na_0-d_0-l_1000000.SC.after_noise	0.001	0.1	cell_4	10	mut7	0	0.05094510901747209688743170598	0.05126431853495793789785980696
/data/CDSLSahinalp/bridgersjd/salems_sims/RECOMB-oct_1_2024/simNo_1-s_7-m_8-h_1-minCP_0.10-ISAV_0-n_8-fp_0.001-fn_0.1-na_0-d_0-l_1000000.SC.after_noise	0.001	0.1	cell_4	100	mut7	0	1.467253564077086699762935480	1.472450832046465790202298331
/data/CDSLSahinalp/bridgersjd/salems_sims/RECOMB-oct_1_2024/simNo_1-s_7-m_8-h_1-minCP_0.10-ISAV_0-n_8-fp_0.001-fn_0.1-na_0-d_0-l_1000000.SC.after_noise	0.001	0.1	cell_4	1000	mut7	0	14.13349380458575464529515497	14.21048101430896665743530273
/data/CDSLSahinalp/bridgersjd/salems_sims/RECOMB-oct_1_2024/simNo_1-s_7-m_8-h_1-minCP_0.10-ISAV_0-n_8-fp_0.001-fn_0.1-na_0-d_0-l_1000000.SC.after_noise	0.001	0.1	cell_4	10000	mut7	0	134.2007118775736444780992441	135.3520340160368357670509127
/data/CDSLSahinalp/bridgersjd/salems_sims/RECOMB-oct_1_2024/simNo_1-s_7-m_8-h_1-minCP_0.10-ISAV_0-n_8-fp_0.001-fn_0.1-na_0-d_0-l_1000000.SC.after_noise	0.001	0.1	cell_4	100000	mut7	0	1381.501422246021123775577893	1396.000013254707759383803779
/data/CDSLSahinalp/bridgersjd/salems_sims/RECOMB-oct_1_2024/simNo_5-s_7-m_8-h_1-minCP_0.10-ISAV_0-n_8-fp_0.001-fn_0.1-na_0-d_0-l_1000000.SC.after_noise	0.001	0.1	cell_5	10	mut6	0	0.1676451211236537463999939300	0.1863551550007768436394748768
/data/CDSLSahinalp/bridgersjd/salems_sims/RECOMB-oct_1_2024/simNo_5-s_7-m_8-h_1-minCP_0.10-ISAV_0-n_8-fp_0.001-fn_0.1-na_0-d_0-l_1000000.SC.after_noise	0.001	0.1	cell_5	100	mut6	0	1.340612562551679408227349489	1.489994501776555499938832938
/data/CDSLSahinalp/bridgersjd/salems_sims/RECOMB-oct_1_2024/simNo_5-s_7-m_8-h_1-minCP_0.10-ISAV_0-n_8-fp_0.001-fn_0.1-na_0-d_0-l_1000000.SC.after_noise	0.001	0.1	cell_5	1000	mut6	0	18.94860754943081563740291874	21.06420686707290845024313911
/data/CDSLSahinalp/bridgersjd/salems_sims/RECOMB-oct_1_2024/simNo_5-s_7-m_8-h_1-minCP_0.10-ISAV_0-n_8-fp_0.001-fn_0.1-na_0-d_0-l_1000000.SC.after_noise	0.001	0.1	cell_5	10000	mut6	0	196.1290651234336609555887060	218.0279659832403081896861293
/data/CDSLSahinalp/bridgersjd/salems_sims/RECOMB-oct_1_2024/simNo_5-s_7-m_8-h_1-minCP_0.10-ISAV_0-n_8-fp_0.001-fn_0.1-na_0-d_0-l_1000000.SC.after_noise	0.001	0.1	cell_5	100000	mut6	0	1964.451330995436058123306266	2183.781392826848701741613647
/data/CDSLSahinalp/bridgersjd/salems_sims/RECOMB-oct_1_2024/simNo_5-s_7-m_8-h_1-minCP_0.10-ISAV_0-n_8-fp_0.001-fn_0.1-na_0-d_0-l_1000000.SC.after_noise	0.001	0.1	cell_5	10	mut7	0	0.1676451211236537088526902320	0.1863551550007768018959898180
/data/CDSLSahinalp/bridgersjd/salems_sims/RECOMB-oct_1_2024/simNo_5-s_7-m_8-h_1-minCP_0.10-ISAV_0-n_8-fp_0.001-fn_0.1-na_0-d_0-l_1000000.SC.after_noise	0.001	0.1	cell_5	100	mut7	0	1.340612562551679408227349489	1.489994501776555499938832938
/data/CDSLSahinalp/bridgersjd/salems_sims/RECOMB-oct_1_2024/simNo_5-s_7-m_8-h_1-minCP_0.10-ISAV_0-n_8-fp_0.001-fn_0.1-na_0-d_0-l_1000000.SC.after_noise	0.001	0.1	cell_5	1000	mut7	0	18.94860754943081563740291874	21.06420686707290845024313911
/data/CDSLSahinalp/bridgersjd/salems_sims/RECOMB-oct_1_2024/simNo_5-s_7-m_8-h_1-minCP_0.10-ISAV_0-n_8-fp_0.001-fn_0.1-na_0-d_0-l_1000000.SC.after_noise	0.001	0.1	cell_5	10000	mut7	0	196.1290651234336609555887060	218.0279659832403081896861293
/data/CDSLSahinalp/bridgersjd/salems_sims/RECOMB-oct_1_2024/simNo_5-s_7-m_8-h_1-minCP_0.10-ISAV_0-n_8-fp_0.001-fn_0.1-na_0-d_0-l_1000000.SC.after_noise	0.001	0.1	cell_5	100000	mut7	0	1964.451330995436058123306266	2183.781392826848701741613647
/data/CDSLSahinalp/bridgersjd/salems_sims/RECOMB-oct_1_2024/simNo_4-s_7-m_8-h_1-minCP_0.10-ISAV_0-n_8-fp_0.001-fn_0.1-na_0-d_0-l_1000000.SC.after_noise	0.001	0.1	cell_6,cell_7	10	mut2	0	0.6527297221130597524896348201	0.6607225706946746567792103846
/data/CDSLSahinalp/bridgersjd/salems_sims/RECOMB-oct_1_2024/simNo_4-s_7-m_8-h_1-minCP_0.10-ISAV_0-n_8-fp_0.001-fn_0.1-na_0-d_0-l_1000000.SC.after_noise	0.001	0.1	cell_6,cell_7	100	mut2	0	7.032157084565470932577462124	7.139851922959679182875402116
/data/CDSLSahinalp/bridgersjd/salems_sims/RECOMB-oct_1_2024/simNo_4-s_7-m_8-h_1-minCP_0.10-ISAV_0-n_8-fp_0.001-fn_0.1-na_0-d_0-l_1000000.SC.after_noise	0.001	0.1	cell_6,cell_7	1000	mut2	0	71.86576446991398877543715409	73.13234286739163179362397103
/data/CDSLSahinalp/bridgersjd/salems_sims/RECOMB-oct_1_2024/simNo_4-s_7-m_8-h_1-minCP_0.10-ISAV_0-n_8-fp_0.001-fn_0.1-na_0-d_0-l_1000000.SC.after_noise	0.001	0.1	cell_6,cell_7	10000	mut2	0	725.7305446854080262582218492	751.2830515408764655637075031
/data/CDSLSahinalp/bridgersjd/salems_sims/RECOMB-oct_1_2024/simNo_4-s_7-m_8-h_1-minCP_0.10-ISAV_0-n_8-fp_0.001-fn_0.1-na_0-d_0-l_1000000.SC.after_noise	0.001	0.1	cell_6,cell_7	100000	mut2	0	7228.770888618025095876487260	7517.534231295606136924742446
/data/CDSLSahinalp/bridgersjd/salems_sims/RECOMB-oct_1_2024/simNo_4-s_7-m_8-h_1-minCP_0.10-ISAV_0-n_8-fp_0.001-fn_0.1-na_0-d_0-l_1000000.SC.after_noise	0.001	0.1	cell_6,cell_7	10	mut3	0	0.6527297221130597524896348201	0.6607225706946746567792103846
/data/CDSLSahinalp/bridgersjd/salems_sims/RECOMB-oct_1_2024/simNo_4-s_7-m_8-h_1-minCP_0.10-ISAV_0-n_8-fp_0.001-fn_0.1-na_0-d_0-l_1000000.SC.after_noise	0.001	0.1	cell_6,cell_7	100	mut3	0	7.032157084565470932577462124	7.139851922959679182875402116
/data/CDSLSahinalp/bridgersjd/salems_sims/RECOMB-oct_1_2024/simNo_4-s_7-m_8-h_1-minCP_0.10-ISAV_0-n_8-fp_0.001-fn_0.1-na_0-d_0-l_1000000.SC.after_noise	0.001	0.1	cell_6,cell_7	1000	mut3	0	71.86576446991398877543715409	73.13234286739163179362397103
/data/CDSLSahinalp/bridgersjd/salems_sims/RECOMB-oct_1_2024/simNo_4-s_7-m_8-h_1-minCP_0.10-ISAV_0-n_8-fp_0.001-fn_0.1-na_0-d_0-l_1000000.SC.after_noise	0.001	0.1	cell_6,cell_7	10000	mut3	0	725.7305446854080262582218492	751.2830515408764655637075031
/data/CDSLSahinalp/bridgersjd/salems_sims/RECOMB-oct_1_2024/simNo_4-s_7-m_8-h_1-minCP_0.10-ISAV_0-n_8-fp_0.001-fn_0.1-na_0-d_0-l_1000000.SC.after_noise	0.001	0.1	cell_6,cell_7	100000	mut3	0	7228.770888618025095876487260	7517.534231295606136924742446
/data/CDSLSahinalp/bridgersjd/salems_sims/RECOMB-oct_1_2024/simNo_8-s_7-m_8-h_1-minCP_0.10-ISAV_0-n_8-fp_0.001-fn_0.1-na_0-d_0-l_1000000.SC.after_noise	0.001	0.1	cell_6	10	mut3	0	2.711771482224499210309396915	2.721962155675509672118321688
/data/CDSLSahinalp/bridgersjd/salems_sims/RECOMB-oct_1_2024/simNo_8-s_7-m_8-h_1-minCP_0.10-ISAV_0-n_8-fp_0.001-fn_0.1-na_0-d_0-l_1000000.SC.after_noise	0.001	0.1	cell_6	100	mut3	0	25.86828429695960112927436813	26.01632684393969926343875695
/data/CDSLSahinalp/bridgersjd/salems_sims/RECOMB-oct_1_2024/simNo_8-s_7-m_8-h_1-minCP_0.10-ISAV_0-n_8-fp_0.001-fn_0.1-na_0-d_0-l_1000000.SC.after_noise	0.001	0.1	cell_6	1000	mut3	0	238.5467747463993625329451874	240.5201491888822152849388352
/data/CDSLSahinalp/bridgersjd/salems_sims/RECOMB-oct_1_2024/simNo_8-s_7-m_8-h_1-minCP_0.10-ISAV_0-n_8-fp_0.001-fn_0.1-na_0-d_0-l_1000000.SC.after_noise	0.001	0.1	cell_6	10000	mut3	0	2429.930965394221565811423474	2450.363367605916773811171540
/data/CDSLSahinalp/bridgersjd/salems_sims/RECOMB-oct_1_2024/simNo_8-s_7-m_8-h_1-minCP_0.10-ISAV_0-n_8-fp_0.001-fn_0.1-na_0-d_0-l_1000000.SC.after_noise	0.001	0.1	cell_6	100000	mut3	0	24425.04467205118629082061448	24620.82806573949051092099469
/data/CDSLSahinalp/bridgersjd/salems_sims/RECOMB-oct_1_2024/simNo_4-s_7-m_8-h_1-minCP_0.10-ISAV_0-n_8-fp_0.001-fn_0.1-na_0-d_0-l_1000000.SC.after_noise	0.001	0.1	cell_6	10	mut7	0	0.5990119433377590177768051483	0.6607225706946746567792103846
/data/CDSLSahinalp/bridgersjd/salems_sims/RECOMB-oct_1_2024/simNo_4-s_7-m_8-h_1-minCP_0.10-ISAV_0-n_8-fp_0.001-fn_0.1-na_0-d_0-l_1000000.SC.after_noise	0.001	0.1	cell_6	100	mut7	0	6.474963017554231739158076943	7.139851922959679185425675925
/data/CDSLSahinalp/bridgersjd/salems_sims/RECOMB-oct_1_2024/simNo_4-s_7-m_8-h_1-minCP_0.10-ISAV_0-n_8-fp_0.001-fn_0.1-na_0-d_0-l_1000000.SC.after_noise	0.001	0.1	cell_6	1000	mut7	0	66.33699253076004172834327726	73.13234286739163179362397103
/data/CDSLSahinalp/bridgersjd/salems_sims/RECOMB-oct_1_2024/simNo_4-s_7-m_8-h_1-minCP_0.10-ISAV_0-n_8-fp_0.001-fn_0.1-na_0-d_0-l_1000000.SC.after_noise	0.001	0.1	cell_6	10000	mut7	0	682.4906695194433596849458606	751.2830515408764655637075031
/data/CDSLSahinalp/bridgersjd/salems_sims/RECOMB-oct_1_2024/simNo_4-s_7-m_8-h_1-minCP_0.10-ISAV_0-n_8-fp_0.001-fn_0.1-na_0-d_0-l_1000000.SC.after_noise	0.001	0.1	cell_6	100000	mut7	0	6831.878107701432374909074669	7517.534231295606136924742446
/data/CDSLSahinalp/bridgersjd/salems_sims/RECOMB-oct_1_2024/simNo_3-s_7-m_8-h_1-minCP_0.10-ISAV_0-n_8-fp_0.001-fn_0.1-na_0-d_0-l_1000000.SC.after_noise	0.001	0.1		10	mut3	0	0	20.86232580087221215975109583
/data/CDSLSahinalp/bridgersjd/salems_sims/RECOMB-oct_1_2024/simNo_6-s_7-m_8-h_1-minCP_0.10-ISAV_0-n_8-fp_0.001-fn_0.1-na_0-d_0-l_1000000.SC.after_noise	0.001	0.1		10	mut3	0	0	34.68719427434625835494552513
/data/CDSLSahinalp/bridgersjd/salems_sims/RECOMB-oct_1_2024/simNo_3-s_7-m_8-h_1-minCP_0.10-ISAV_0-n_8-fp_0.001-fn_0.1-na_0-d_0-l_1000000.SC.after_noise	0.001	0.1		100	mut3	0	0	253.9240092874400445309866942
/data/CDSLSahinalp/bridgersjd/salems_sims/RECOMB-oct_1_2024/simNo_6-s_7-m_8-h_1-minCP_0.10-ISAV_0-n_8-fp_0.001-fn_0.1-na_0-d_0-l_1000000.SC.after_noise	0.001	0.1		100	mut3	0	0	353.9365270582173736898963585
/data/CDSLSahinalp/bridgersjd/salems_sims/RECOMB-oct_1_2024/simNo_3-s_7-m_8-h_1-minCP_0.10-ISAV_0-n_8-fp_0.001-fn_0.1-na_0-d_0-l_1000000.SC.after_noise	0.001	0.1		1000	mut3	0	0	2337.532264414695283937508133
/data/CDSLSahinalp/bridgersjd/salems_sims/RECOMB-oct_1_2024/simNo_6-s_7-m_8-h_1-minCP_0.10-ISAV_0-n_8-fp_0.001-fn_0.1-na_0-d_0-l_1000000.SC.after_noise	0.001	0.1		1000	mut3	0	0	3606.646773699069546489904500
/data/CDSLSahinalp/bridgersjd/salems_sims/RECOMB-oct_1_2024/simNo_3-s_7-m_8-h_1-minCP_0.10-ISAV_0-n_8-fp_0.001-fn_0.1-na_0-d_0-l_1000000.SC.after_noise	0.001	0.1		10000	mut3	0	0	23354.02654823468951630866431
/data/CDSLSahinalp/bridgersjd/salems_sims/RECOMB-oct_1_2024/simNo_6-s_7-m_8-h_1-minCP_0.10-ISAV_0-n_8-fp_0.001-fn_0.1-na_0-d_0-l_1000000.SC.after_noise	0.001	0.1		10000	mut3	0	0	36655.62699042898281498907340
/data/CDSLSahinalp/bridgersjd/salems_sims/RECOMB-oct_1_2024/simNo_3-s_7-m_8-h_1-minCP_0.10-ISAV_0-n_8-fp_0.001-fn_0.1-na_0-d_0-l_1000000.SC.after_noise	0.001	0.1		100000	mut3	0	0	236193.2535218026292687954561
/data/CDSLSahinalp/bridgersjd/salems_sims/RECOMB-oct_1_2024/simNo_6-s_7-m_8-h_1-minCP_0.10-ISAV_0-n_8-fp_0.001-fn_0.1-na_0-d_0-l_1000000.SC.after_noise	0.001	0.1		100000	mut3	0	0	366267.1617950676739361086033
/data/CDSLSahinalp/bridgersjd/salems_sims/RECOMB-oct_1_2024/simNo_4-s_7-m_8-h_1-minCP_0.10-ISAV_0-n_8-fp_0.001-fn_0.1-na_0-d_0-l_1000000.SC.after_noise	0.001	0.1		10	mut4	0	0	0.6607225706946746567792103846
/data/CDSLSahinalp/bridgersjd/salems_sims/RECOMB-oct_1_2024/simNo_6-s_7-m_8-h_1-minCP_0.10-ISAV_0-n_8-fp_0.001-fn_0.1-na_0-d_0-l_1000000.SC.after_noise	0.001	0.1		10	mut4	0	0	34.68719427434625835494552513
/data/CDSLSahinalp/bridgersjd/salems_sims/RECOMB-oct_1_2024/simNo_4-s_7-m_8-h_1-minCP_0.10-ISAV_0-n_8-fp_0.001-fn_0.1-na_0-d_0-l_1000000.SC.after_noise	0.001	0.1		100	mut4	0	0	7.139851922959679185425675925
/data/CDSLSahinalp/bridgersjd/salems_sims/RECOMB-oct_1_2024/simNo_6-s_7-m_8-h_1-minCP_0.10-ISAV_0-n_8-fp_0.001-fn_0.1-na_0-d_0-l_1000000.SC.after_noise	0.001	0.1		100	mut4	0	0	353.9365270582173736898963585
/data/CDSLSahinalp/bridgersjd/salems_sims/RECOMB-oct_1_2024/simNo_4-s_7-m_8-h_1-minCP_0.10-ISAV_0-n_8-fp_0.001-fn_0.1-na_0-d_0-l_1000000.SC.after_noise	0.001	0.1		1000	mut4	0	0	73.13234286739163179362397103
/data/CDSLSahinalp/bridgersjd/salems_sims/RECOMB-oct_1_2024/simNo_6-s_7-m_8-h_1-minCP_0.10-ISAV_0-n_8-fp_0.001-fn_0.1-na_0-d_0-l_1000000.SC.after_noise	0.001	0.1		1000	mut4	0	0	3606.646773699069546489904500
/data/CDSLSahinalp/bridgersjd/salems_sims/RECOMB-oct_1_2024/simNo_4-s_7-m_8-h_1-minCP_0.10-ISAV_0-n_8-fp_0.001-fn_0.1-na_0-d_0-l_1000000.SC.after_noise	0.001	0.1		10000	mut4	0	0	751.2830515408764655637075031
/data/CDSLSahinalp/bridgersjd/salems_sims/RECOMB-oct_1_2024/simNo_6-s_7-m_8-h_1-minCP_0.10-ISAV_0-n_8-fp_0.001-fn_0.1-na_0-d_0-l_1000000.SC.after_noise	0.001	0.1		10000	mut4	0	0	36655.62699042898281498907340
/data/CDSLSahinalp/bridgersjd/salems_sims/RECOMB-oct_1_2024/simNo_4-s_7-m_8-h_1-minCP_0.10-ISAV_0-n_8-fp_0.001-fn_0.1-na_0-d_0-l_1000000.SC.after_noise	0.001	0.1		100000	mut4	0	0	7517.534231295606136924742446
/data/CDSLSahinalp/bridgersjd/salems_sims/RECOMB-oct_1_2024/simNo_6-s_7-m_8-h_1-minCP_0.10-ISAV_0-n_8-fp_0.001-fn_0.1-na_0-d_0-l_1000000.SC.after_noise	0.001	0.1		100000	mut4	0	0	366267.1617950676739361086033
/data/CDSLSahinalp/bridgersjd/salems_sims/RECOMB-oct_1_2024/simNo_2-s_7-m_8-h_1-minCP_0.10-ISAV_0-n_8-fp_0.001-fn_0.1-na_0-d_0-l_1000000.SC.after_noise	0.001	0.1		10	mut5	0	0	97.73396720133580187626698588
/data/CDSLSahinalp/bridgersjd/salems_sims/RECOMB-oct_1_2024/simNo_4-s_7-m_8-h_1-minCP_0.10-ISAV_0-n_8-fp_0.001-fn_0.1-na_0-d_0-l_1000000.SC.after_noise	0.001	0.1		10	mut5	0	0	0.6607225706946746567792103846
/data/CDSLSahinalp/bridgersjd/salems_sims/RECOMB-oct_1_2024/simNo_2-s_7-m_8-h_1-minCP_0.10-ISAV_0-n_8-fp_0.001-fn_0.1-na_0-d_0-l_1000000.SC.after_noise	0.001	0.1		100	mut5	0	0	1045.154196859067129080652384
/data/CDSLSahinalp/bridgersjd/salems_sims/RECOMB-oct_1_2024/simNo_4-s_7-m_8-h_1-minCP_0.10-ISAV_0-n_8-fp_0.001-fn_0.1-na_0-d_0-l_1000000.SC.after_noise	0.001	0.1		100	mut5	0	0	7.139851922959679185425675925
/data/CDSLSahinalp/bridgersjd/salems_sims/RECOMB-oct_1_2024/simNo_2-s_7-m_8-h_1-minCP_0.10-ISAV_0-n_8-fp_0.001-fn_0.1-na_0-d_0-l_1000000.SC.after_noise	0.001	0.1		1000	mut5	0	0	9331.236686749843554103242291
/data/CDSLSahinalp/bridgersjd/salems_sims/RECOMB-oct_1_2024/simNo_4-s_7-m_8-h_1-minCP_0.10-ISAV_0-n_8-fp_0.001-fn_0.1-na_0-d_0-l_1000000.SC.after_noise	0.001	0.1		1000	mut5	0	0	73.13234286739163179362397103
/data/CDSLSahinalp/bridgersjd/salems_sims/RECOMB-oct_1_2024/simNo_2-s_7-m_8-h_1-minCP_0.10-ISAV_0-n_8-fp_0.001-fn_0.1-na_0-d_0-l_1000000.SC.after_noise	0.001	0.1		10000	mut5	0	0	91091.35394427750480441842483
/data/CDSLSahinalp/bridgersjd/salems_sims/RECOMB-oct_1_2024/simNo_4-s_7-m_8-h_1-minCP_0.10-ISAV_0-n_8-fp_0.001-fn_0.1-na_0-d_0-l_1000000.SC.after_noise	0.001	0.1		10000	mut5	0	0	751.2830515408764655637075031
/data/CDSLSahinalp/bridgersjd/salems_sims/RECOMB-oct_1_2024/simNo_2-s_7-m_8-h_1-minCP_0.10-ISAV_0-n_8-fp_0.001-fn_0.1-na_0-d_0-l_1000000.SC.after_noise	0.001	0.1		100000	mut5	0	0	911704.0839354169985035022735
/data/CDSLSahinalp/bridgersjd/salems_sims/RECOMB-oct_1_2024/simNo_4-s_7-m_8-h_1-minCP_0.10-ISAV_0-n_8-fp_0.001-fn_0.1-na_0-d_0-l_1000000.SC.after_noise	0.001	0.1		100000	mut5	0	0	7517.534231295606136924742446
/data/CDSLSahinalp/bridgersjd/salems_sims/RECOMB-oct_1_2024/simNo_10-s_7-m_8-h_1-minCP_0.10-ISAV_0-n_8-fp_0.001-fn_0.1-na_0-d_0-l_1000000.SC.after_noise	0.001	0.1		10	mut6	0	0	0.07019072777198973641610171542
/data/CDSLSahinalp/bridgersjd/salems_sims/RECOMB-oct_1_2024/simNo_2-s_7-m_8-h_1-minCP_0.10-ISAV_0-n_8-fp_0.001-fn_0.1-na_0-d_0-l_1000000.SC.after_noise	0.001	0.1		10	mut6	0	0	97.73396720133580187626698588
/data/CDSLSahinalp/bridgersjd/salems_sims/RECOMB-oct_1_2024/simNo_4-s_7-m_8-h_1-minCP_0.10-ISAV_0-n_8-fp_0.001-fn_0.1-na_0-d_0-l_1000000.SC.after_noise	0.001	0.1		10	mut6	0	0	0.6607225706946746567792103846
/data/CDSLSahinalp/bridgersjd/salems_sims/RECOMB-oct_1_2024/simNo_10-s_7-m_8-h_1-minCP_0.10-ISAV_0-n_8-fp_0.001-fn_0.1-na_0-d_0-l_1000000.SC.after_noise	0.001	0.1		100	mut6	0	0	0.4453497935334888117349567727
/data/CDSLSahinalp/bridgersjd/salems_sims/RECOMB-oct_1_2024/simNo_2-s_7-m_8-h_1-minCP_0.10-ISAV_0-n_8-fp_0.001-fn_0.1-na_0-d_0-l_1000000.SC.after_noise	0.001	0.1		100	mut6	0	0	1045.154196859067129080652384
/data/CDSLSahinalp/bridgersjd/salems_sims/RECOMB-oct_1_2024/simNo_4-s_7-m_8-h_1-minCP_0.10-ISAV_0-n_8-fp_0.001-fn_0.1-na_0-d_0-l_1000000.SC.after_noise	0.001	0.1		100	mut6	0	0	7.139851922959679185425675925
/data/CDSLSahinalp/bridgersjd/salems_sims/RECOMB-oct_1_2024/simNo_10-s_7-m_8-h_1-minCP_0.10-ISAV_0-n_8-fp_0.001-fn_0.1-na_0-d_0-l_1000000.SC.after_noise	0.001	0.1		1000	mut6	0	0	5.264112282294822331930915603
/data/CDSLSahinalp/bridgersjd/salems_sims/RECOMB-oct_1_2024/simNo_2-s_7-m_8-h_1-minCP_0.10-ISAV_0-n_8-fp_0.001-fn_0.1-na_0-d_0-l_1000000.SC.after_noise	0.001	0.1		1000	mut6	0	0	9331.236686749843554103242291
/data/CDSLSahinalp/bridgersjd/salems_sims/RECOMB-oct_1_2024/simNo_4-s_7-m_8-h_1-minCP_0.10-ISAV_0-n_8-fp_0.001-fn_0.1-na_0-d_0-l_1000000.SC.after_noise	0.001	0.1		1000	mut6	0	0	73.13234286739163179362397103
/data/CDSLSahinalp/bridgersjd/salems_sims/RECOMB-oct_1_2024/simNo_10-s_7-m_8-h_1-minCP_0.10-ISAV_0-n_8-fp_0.001-fn_0.1-na_0-d_0-l_1000000.SC.after_noise	0.001	0.1		10000	mut6	0	0	56.57878673288419240880544884
/data/CDSLSahinalp/bridgersjd/salems_sims/RECOMB-oct_1_2024/simNo_2-s_7-m_8-h_1-minCP_0.10-ISAV_0-n_8-fp_0.001-fn_0.1-na_0-d_0-l_1000000.SC.after_noise	0.001	0.1		10000	mut6	0	0	91091.35394427750480441842483
/data/CDSLSahinalp/bridgersjd/salems_sims/RECOMB-oct_1_2024/simNo_4-s_7-m_8-h_1-minCP_0.10-ISAV_0-n_8-fp_0.001-fn_0.1-na_0-d_0-l_1000000.SC.after_noise	0.001	0.1		10000	mut6	0	0	751.2830515408764655637075031
/data/CDSLSahinalp/bridgersjd/salems_sims/RECOMB-oct_1_2024/simNo_10-s_7-m_8-h_1-minCP_0.10-ISAV_0-n_8-fp_0.001-fn_0.1-na_0-d_0-l_1000000.SC.after_noise	0.001	0.1		100000	mut6	0	0	576.8925150955341110222677874
/data/CDSLSahinalp/bridgersjd/salems_sims/RECOMB-oct_1_2024/simNo_2-s_7-m_8-h_1-minCP_0.10-ISAV_0-n_8-fp_0.001-fn_0.1-na_0-d_0-l_1000000.SC.after_noise	0.001	0.1		100000	mut6	0	0	911704.0839354169985035022735
/data/CDSLSahinalp/bridgersjd/salems_sims/RECOMB-oct_1_2024/simNo_4-s_7-m_8-h_1-minCP_0.10-ISAV_0-n_8-fp_0.001-fn_0.1-na_0-d_0-l_1000000.SC.after_noise	0.001	0.1		100000	mut6	0	0	7517.534231295606136924742446
/data/CDSLSahinalp/bridgersjd/salems_sims/RECOMB-oct_1_2024/simNo_10-s_7-m_8-h_1-minCP_0.10-ISAV_0-n_8-fp_0.001-fn_0.1-na_0-d_0-l_1000000.SC.after_noise	0.001	0.1		10	mut7	0	0	0.07019072777198973641610171542
/data/CDSLSahinalp/bridgersjd/salems_sims/RECOMB-oct_1_2024/simNo_2-s_7-m_8-h_1-minCP_0.10-ISAV_0-n_8-fp_0.001-fn_0.1-na_0-d_0-l_1000000.SC.after_noise	0.001	0.1		10	mut7	0	0	97.73396720133580187626698588
/data/CDSLSahinalp/bridgersjd/salems_sims/RECOMB-oct_1_2024/simNo_6-s_7-m_8-h_1-minCP_0.10-ISAV_0-n_8-fp_0.001-fn_0.1-na_0-d_0-l_1000000.SC.after_noise	0.001	0.1		10	mut7	0	0	34.68719427434625835494552513
/data/CDSLSahinalp/bridgersjd/salems_sims/RECOMB-oct_1_2024/simNo_10-s_7-m_8-h_1-minCP_0.10-ISAV_0-n_8-fp_0.001-fn_0.1-na_0-d_0-l_1000000.SC.after_noise	0.001	0.1		100	mut7	0	0	0.4453497935334888067353368538
/data/CDSLSahinalp/bridgersjd/salems_sims/RECOMB-oct_1_2024/simNo_2-s_7-m_8-h_1-minCP_0.10-ISAV_0-n_8-fp_0.001-fn_0.1-na_0-d_0-l_1000000.SC.after_noise	0.001	0.1		100	mut7	0	0	1045.154196859067172118662954
/data/CDSLSahinalp/bridgersjd/salems_sims/RECOMB-oct_1_2024/simNo_6-s_7-m_8-h_1-minCP_0.10-ISAV_0-n_8-fp_0.001-fn_0.1-na_0-d_0-l_1000000.SC.after_noise	0.001	0.1		100	mut7	0	0	353.9365270582173736898963585
/data/CDSLSahinalp/bridgersjd/salems_sims/RECOMB-oct_1_2024/simNo_10-s_7-m_8-h_1-minCP_0.10-ISAV_0-n_8-fp_0.001-fn_0.1-na_0-d_0-l_1000000.SC.after_noise	0.001	0.1		1000	mut7	0	0	5.264112282294822331930915603
/data/CDSLSahinalp/bridgersjd/salems_sims/RECOMB-oct_1_2024/simNo_2-s_7-m_8-h_1-minCP_0.10-ISAV_0-n_8-fp_0.001-fn_0.1-na_0-d_0-l_1000000.SC.after_noise	0.001	0.1		1000	mut7	0	0	9331.236686749843554103242291
/data/CDSLSahinalp/bridgersjd/salems_sims/RECOMB-oct_1_2024/simNo_6-s_7-m_8-h_1-minCP_0.10-ISAV_0-n_8-fp_0.001-fn_0.1-na_0-d_0-l_1000000.SC.after_noise	0.001	0.1		1000	mut7	0	0	3606.646773699069546489904500
/data/CDSLSahinalp/bridgersjd/salems_sims/RECOMB-oct_1_2024/simNo_10-s_7-m_8-h_1-minCP_0.10-ISAV_0-n_8-fp_0.001-fn_0.1-na_0-d_0-l_1000000.SC.after_noise	0.001	0.1		10000	mut7	0	0	56.57878673288419240880544884
/data/CDSLSahinalp/bridgersjd/salems_sims/RECOMB-oct_1_2024/simNo_2-s_7-m_8-h_1-minCP_0.10-ISAV_0-n_8-fp_0.001-fn_0.1-na_0-d_0-l_1000000.SC.after_noise	0.001	0.1		10000	mut7	0	0	91091.35394427750480441842483
/data/CDSLSahinalp/bridgersjd/salems_sims/RECOMB-oct_1_2024/simNo_6-s_7-m_8-h_1-minCP_0.10-ISAV_0-n_8-fp_0.001-fn_0.1-na_0-d_0-l_1000000.SC.after_noise	0.001	0.1		10000	mut7	0	0	36655.62699042898281498907340
/data/CDSLSahinalp/bridgersjd/salems_sims/RECOMB-oct_1_2024/simNo_10-s_7-m_8-h_1-minCP_0.10-ISAV_0-n_8-fp_0.001-fn_0.1-na_0-d_0-l_1000000.SC.after_noise	0.001	0.1		100000	mut7	0	0	576.8925150955340945896430324
/data/CDSLSahinalp/bridgersjd/salems_sims/RECOMB-oct_1_2024/simNo_2-s_7-m_8-h_1-minCP_0.10-ISAV_0-n_8-fp_0.001-fn_0.1-na_0-d_0-l_1000000.SC.after_noise	0.001	0.1		100000	mut7	0	0	911704.0839354169985035022735
/data/CDSLSahinalp/bridgersjd/salems_sims/RECOMB-oct_1_2024/simNo_6-s_7-m_8-h_1-minCP_0.10-ISAV_0-n_8-fp_0.001-fn_0.1-na_0-d_0-l_1000000.SC.after_noise	0.001	0.1		100000	mut7	0	0	366267.1617950676739361086033
