/data/CDSLSahinalp/bridgersjd/salems_sims/RECOMB-oct_1_2024/simNo_9-s_7-m_8-h_1-minCP_0.10-ISAV_0-n_8-fp_0.001-fn_0.1-na_0-d_0-l_1000000.SC.after_noise	0.001	0.1	cell_0,cell_1,cell_2,cell_3,cell_4,cell_5,cell_6,cell_7	1000	mut0	0	0.4868634078552670512164672915	0.4868634085231663578665526925
/data/CDSLSahinalp/bridgersjd/salems_sims/RECOMB-oct_1_2024/simNo_9-s_7-m_8-h_1-minCP_0.10-ISAV_0-n_8-fp_0.001-fn_0.1-na_0-d_0-l_1000000.SC.after_noise	0.001	0.1	cell_0,cell_1,cell_2,cell_3,cell_4,cell_5,cell_6,cell_7	100	mut0	0	0.04290005884641509348088386663	0.04290005890526504060245337623
/data/CDSLSahinalp/bridgersjd/salems_sims/RECOMB-oct_1_2024/simNo_9-s_7-m_8-h_1-minCP_0.10-ISAV_0-n_8-fp_0.001-fn_0.1-na_0-d_0-l_1000000.SC.after_noise	0.001	0.1	cell_0,cell_1,cell_2,cell_3,cell_4,cell_5,cell_6,cell_7	10000	mut0	0	4.704314477903911307703649266	4.704314484357509493829874254
/data/CDSLSahinalp/bridgersjd/salems_sims/RECOMB-oct_1_2024/simNo_9-s_7-m_8-h_1-minCP_0.10-ISAV_0-n_8-fp_0.001-fn_0.1-na_0-d_0-l_1000000.SC.after_noise	0.001	0.1	cell_0,cell_1,cell_2,cell_3,cell_4,cell_5,cell_6,cell_7	100000	mut0	0	48.23806396383680247343655094	48.23806403001167599517677367
/data/CDSLSahinalp/bridgersjd/salems_sims/RECOMB-oct_1_2024/simNo_9-s_7-m_8-h_1-minCP_0.10-ISAV_0-n_8-fp_0.001-fn_0.1-na_0-d_0-l_1000000.SC.after_noise	0.001	0.1	cell_0,cell_1,cell_2,cell_3,cell_4,cell_5,cell_6,cell_7	1000	mut1	0	0.4868633317922436262719510455	0.4868634085231663578665526925
/data/CDSLSahinalp/bridgersjd/salems_sims/RECOMB-oct_1_2024/simNo_9-s_7-m_8-h_1-minCP_0.10-ISAV_0-n_8-fp_0.001-fn_0.1-na_0-d_0-l_1000000.SC.after_noise	0.001	0.1	cell_0,cell_1,cell_2,cell_3,cell_4,cell_5,cell_6,cell_7	100	mut1	0	0.04290005269021380058956126621	0.04290005890526504060245337623
/data/CDSLSahinalp/bridgersjd/salems_sims/RECOMB-oct_1_2024/simNo_9-s_7-m_8-h_1-minCP_0.10-ISAV_0-n_8-fp_0.001-fn_0.1-na_0-d_0-l_1000000.SC.after_noise	0.001	0.1	cell_0,cell_1,cell_2,cell_3,cell_4,cell_5,cell_6,cell_7	10000	mut1	0	4.704313777546707874787833414	4.704314484357509493829874254
/data/CDSLSahinalp/bridgersjd/salems_sims/RECOMB-oct_1_2024/simNo_9-s_7-m_8-h_1-minCP_0.10-ISAV_0-n_8-fp_0.001-fn_0.1-na_0-d_0-l_1000000.SC.after_noise	0.001	0.1	cell_0,cell_1,cell_2,cell_3,cell_4,cell_5,cell_6,cell_7	100000	mut1	0	48.23805679320664397345697414	48.23806403001167599517677367
/data/CDSLSahinalp/bridgersjd/salems_sims/RECOMB-oct_1_2024/simNo_8-s_7-m_8-h_1-minCP_0.10-ISAV_0-n_8-fp_0.001-fn_0.1-na_0-d_0-l_1000000.SC.after_noise	0.001	0.1	cell_0,cell_1,cell_2,cell_3,cell_4,cell_5,cell_6	1000	mut0	0	21.66835010187772646986417935	240.5201491888822383238456941
/data/CDSLSahinalp/bridgersjd/salems_sims/RECOMB-oct_1_2024/simNo_8-s_7-m_8-h_1-minCP_0.10-ISAV_0-n_8-fp_0.001-fn_0.1-na_0-d_0-l_1000000.SC.after_noise	0.001	0.1	cell_0,cell_1,cell_2,cell_3,cell_4,cell_5,cell_6	100	mut0	0	2.343752766387261063549054898	26.01632684393970156783492730
/data/CDSLSahinalp/bridgersjd/salems_sims/RECOMB-oct_1_2024/simNo_8-s_7-m_8-h_1-minCP_0.10-ISAV_0-n_8-fp_0.001-fn_0.1-na_0-d_0-l_1000000.SC.after_noise	0.001	0.1	cell_0,cell_1,cell_2,cell_3,cell_4,cell_5,cell_6	10000	mut0	0	220.7564148983779121212031183	2450.363367605916773811171540
/data/CDSLSahinalp/bridgersjd/salems_sims/RECOMB-oct_1_2024/simNo_8-s_7-m_8-h_1-minCP_0.10-ISAV_0-n_8-fp_0.001-fn_0.1-na_0-d_0-l_1000000.SC.after_noise	0.001	0.1	cell_0,cell_1,cell_2,cell_3,cell_4,cell_5,cell_6	100000	mut0	0	2218.113629093881734848203612	24620.82806573949051092099469
/data/CDSLSahinalp/bridgersjd/salems_sims/RECOMB-oct_1_2024/simNo_8-s_7-m_8-h_1-minCP_0.10-ISAV_0-n_8-fp_0.001-fn_0.1-na_0-d_0-l_1000000.SC.after_noise	0.001	0.1	cell_0,cell_1,cell_2,cell_3,cell_4,cell_5,cell_6	1000	mut1	0	218.4139650792561310845776056	240.5201491888822383238456941
/data/CDSLSahinalp/bridgersjd/salems_sims/RECOMB-oct_1_2024/simNo_8-s_7-m_8-h_1-minCP_0.10-ISAV_0-n_8-fp_0.001-fn_0.1-na_0-d_0-l_1000000.SC.after_noise	0.001	0.1	cell_0,cell_1,cell_2,cell_3,cell_4,cell_5,cell_6	100	mut1	0	23.62516818843165323497655706	26.01632684393970156783492730
/data/CDSLSahinalp/bridgersjd/salems_sims/RECOMB-oct_1_2024/simNo_8-s_7-m_8-h_1-minCP_0.10-ISAV_0-n_8-fp_0.001-fn_0.1-na_0-d_0-l_1000000.SC.after_noise	0.001	0.1	cell_0,cell_1,cell_2,cell_3,cell_4,cell_5,cell_6	10000	mut1	0	2225.150751361283448252377837	2450.363367605917010307371696
/data/CDSLSahinalp/bridgersjd/salems_sims/RECOMB-oct_1_2024/simNo_8-s_7-m_8-h_1-minCP_0.10-ISAV_0-n_8-fp_0.001-fn_0.1-na_0-d_0-l_1000000.SC.after_noise	0.001	0.1	cell_0,cell_1,cell_2,cell_3,cell_4,cell_5,cell_6	100000	mut1	0	22357.93048196989254829217206	24620.82806573949051092099469
/data/CDSLSahinalp/bridgersjd/salems_sims/RECOMB-oct_1_2024/simNo_6-s_7-m_8-h_1-minCP_0.10-ISAV_0-n_8-fp_0.001-fn_0.1-na_0-d_0-l_1000000.SC.after_noise	0.001	0.1	cell_0,cell_1,cell_2,cell_3,cell_4,cell_5	1000	mut0	0	0	3606.646773699069546489904500
/data/CDSLSahinalp/bridgersjd/salems_sims/RECOMB-oct_1_2024/simNo_6-s_7-m_8-h_1-minCP_0.10-ISAV_0-n_8-fp_0.001-fn_0.1-na_0-d_0-l_1000000.SC.after_noise	0.001	0.1	cell_0,cell_1,cell_2,cell_3,cell_4,cell_5	100	mut0	0	0	353.9365270582173736898963585
/data/CDSLSahinalp/bridgersjd/salems_sims/RECOMB-oct_1_2024/simNo_6-s_7-m_8-h_1-minCP_0.10-ISAV_0-n_8-fp_0.001-fn_0.1-na_0-d_0-l_1000000.SC.after_noise	0.001	0.1	cell_0,cell_1,cell_2,cell_3,cell_4,cell_5	10000	mut0	0	0	36655.62699042898281498907340
/data/CDSLSahinalp/bridgersjd/salems_sims/RECOMB-oct_1_2024/simNo_6-s_7-m_8-h_1-minCP_0.10-ISAV_0-n_8-fp_0.001-fn_0.1-na_0-d_0-l_1000000.SC.after_noise	0.001	0.1	cell_0,cell_1,cell_2,cell_3,cell_4,cell_5	100000	mut0	0	0	366267.1617950676739361086033
/data/CDSLSahinalp/bridgersjd/salems_sims/RECOMB-oct_1_2024/simNo_1-s_7-m_8-h_1-minCP_0.10-ISAV_0-n_8-fp_0.001-fn_0.1-na_0-d_0-l_1000000.SC.after_noise	0.001	0.1	cell_0,cell_1,cell_2,cell_4,cell_5,cell_6,cell_7	1000	mut0	0	12.06357052925412168643244898	14.21048101430896665743530273
/data/CDSLSahinalp/bridgersjd/salems_sims/RECOMB-oct_1_2024/simNo_3-s_7-m_8-h_1-minCP_0.10-ISAV_0-n_8-fp_0.001-fn_0.1-na_0-d_0-l_1000000.SC.after_noise	0.001	0.1	cell_0,cell_1,cell_2,cell_4,cell_5,cell_6,cell_7	1000	mut0	0	210.6315724235782304462824284	2337.532264414695236752959300
/data/CDSLSahinalp/bridgersjd/salems_sims/RECOMB-oct_1_2024/simNo_1-s_7-m_8-h_1-minCP_0.10-ISAV_0-n_8-fp_0.001-fn_0.1-na_0-d_0-l_1000000.SC.after_noise	0.001	0.1	cell_0,cell_1,cell_2,cell_4,cell_5,cell_6,cell_7	100	mut0	0	1.244560310229583106296995254	1.472450832046465790202298331
/data/CDSLSahinalp/bridgersjd/salems_sims/RECOMB-oct_1_2024/simNo_3-s_7-m_8-h_1-minCP_0.10-ISAV_0-n_8-fp_0.001-fn_0.1-na_0-d_0-l_1000000.SC.after_noise	0.001	0.1	cell_0,cell_1,cell_2,cell_4,cell_5,cell_6,cell_7	100	mut0	0	22.87985797116238214038407983	253.9240092874400445309866942
/data/CDSLSahinalp/bridgersjd/salems_sims/RECOMB-oct_1_2024/simNo_1-s_7-m_8-h_1-minCP_0.10-ISAV_0-n_8-fp_0.001-fn_0.1-na_0-d_0-l_1000000.SC.after_noise	0.001	0.1	cell_0,cell_1,cell_2,cell_4,cell_5,cell_6,cell_7	10000	mut0	0	114.1318759083633395658554186	135.3520340160368357670509127
/data/CDSLSahinalp/bridgersjd/salems_sims/RECOMB-oct_1_2024/simNo_3-s_7-m_8-h_1-minCP_0.10-ISAV_0-n_8-fp_0.001-fn_0.1-na_0-d_0-l_1000000.SC.after_noise	0.001	0.1	cell_0,cell_1,cell_2,cell_4,cell_5,cell_6,cell_7	10000	mut0	0	2104.371097080971052676218396	23354.02654823468951630866431
/data/CDSLSahinalp/bridgersjd/salems_sims/RECOMB-oct_1_2024/simNo_1-s_7-m_8-h_1-minCP_0.10-ISAV_0-n_8-fp_0.001-fn_0.1-na_0-d_0-l_1000000.SC.after_noise	0.001	0.1	cell_0,cell_1,cell_2,cell_4,cell_5,cell_6,cell_7	100000	mut0	0	1180.507009602347947484436053	1396.000013254708144683674315
/data/CDSLSahinalp/bridgersjd/salems_sims/RECOMB-oct_1_2024/simNo_3-s_7-m_8-h_1-minCP_0.10-ISAV_0-n_8-fp_0.001-fn_0.1-na_0-d_0-l_1000000.SC.after_noise	0.001	0.1	cell_0,cell_1,cell_2,cell_4,cell_5,cell_6,cell_7	100000	mut0	0	21282.54228132779875703635382	236193.2535218026292687954561
/data/CDSLSahinalp/bridgersjd/salems_sims/RECOMB-oct_1_2024/simNo_1-s_7-m_8-h_1-minCP_0.10-ISAV_0-n_8-fp_0.001-fn_0.1-na_0-d_0-l_1000000.SC.after_noise	0.001	0.1	cell_0,cell_1,cell_2,cell_4,cell_5,cell_6,cell_7	1000	mut1	0	12.91657838621353418953040800	14.21048101430896665743530273
/data/CDSLSahinalp/bridgersjd/salems_sims/RECOMB-oct_1_2024/simNo_3-s_7-m_8-h_1-minCP_0.10-ISAV_0-n_8-fp_0.001-fn_0.1-na_0-d_0-l_1000000.SC.after_noise	0.001	0.1	cell_0,cell_1,cell_2,cell_4,cell_5,cell_6,cell_7	1000	mut1	0	2122.690396509130403407437647	2337.532264414695236752959300
/data/CDSLSahinalp/bridgersjd/salems_sims/RECOMB-oct_1_2024/simNo_1-s_7-m_8-h_1-minCP_0.10-ISAV_0-n_8-fp_0.001-fn_0.1-na_0-d_0-l_1000000.SC.after_noise	0.001	0.1	cell_0,cell_1,cell_2,cell_4,cell_5,cell_6,cell_7	100	mut1	0	1.338377185383674273275402139	1.472450832046465790202298331
/data/CDSLSahinalp/bridgersjd/salems_sims/RECOMB-oct_1_2024/simNo_3-s_7-m_8-h_1-minCP_0.10-ISAV_0-n_8-fp_0.001-fn_0.1-na_0-d_0-l_1000000.SC.after_noise	0.001	0.1	cell_0,cell_1,cell_2,cell_4,cell_5,cell_6,cell_7	100	mut1	0	230.5859223845348086435679480	253.9240092874400445309866942
/data/CDSLSahinalp/bridgersjd/salems_sims/RECOMB-oct_1_2024/simNo_1-s_7-m_8-h_1-minCP_0.10-ISAV_0-n_8-fp_0.001-fn_0.1-na_0-d_0-l_1000000.SC.after_noise	0.001	0.1	cell_0,cell_1,cell_2,cell_4,cell_5,cell_6,cell_7	10000	mut1	0	123.0270003435748857474143140	135.3520340160368357670509127
/data/CDSLSahinalp/bridgersjd/salems_sims/RECOMB-oct_1_2024/simNo_3-s_7-m_8-h_1-minCP_0.10-ISAV_0-n_8-fp_0.001-fn_0.1-na_0-d_0-l_1000000.SC.after_noise	0.001	0.1	cell_0,cell_1,cell_2,cell_4,cell_5,cell_6,cell_7	10000	mut1	0	21207.56489694435891677802038	23354.02654823468951630866431
/data/CDSLSahinalp/bridgersjd/salems_sims/RECOMB-oct_1_2024/simNo_1-s_7-m_8-h_1-minCP_0.10-ISAV_0-n_8-fp_0.001-fn_0.1-na_0-d_0-l_1000000.SC.after_noise	0.001	0.1	cell_0,cell_1,cell_2,cell_4,cell_5,cell_6,cell_7	100000	mut1	0	1268.885732315158177503633505	1396.000013254708144683674315
/data/CDSLSahinalp/bridgersjd/salems_sims/RECOMB-oct_1_2024/simNo_3-s_7-m_8-h_1-minCP_0.10-ISAV_0-n_8-fp_0.001-fn_0.1-na_0-d_0-l_1000000.SC.after_noise	0.001	0.1	cell_0,cell_1,cell_2,cell_4,cell_5,cell_6,cell_7	100000	mut1	0	214484.7991517842771461701705	236193.2535218026292687954561
/data/CDSLSahinalp/bridgersjd/salems_sims/RECOMB-oct_1_2024/simNo_5-s_7-m_8-h_1-minCP_0.10-ISAV_0-n_8-fp_0.001-fn_0.1-na_0-d_0-l_1000000.SC.after_noise	0.001	0.1	cell_0,cell_1,cell_3,cell_4,cell_5,cell_6,cell_7	1000	mut0	0	17.75936874696876588191884473	21.06420686707290845024313911
/data/CDSLSahinalp/bridgersjd/salems_sims/RECOMB-oct_1_2024/simNo_5-s_7-m_8-h_1-minCP_0.10-ISAV_0-n_8-fp_0.001-fn_0.1-na_0-d_0-l_1000000.SC.after_noise	0.001	0.1	cell_0,cell_1,cell_3,cell_4,cell_5,cell_6,cell_7	100	mut0	0	1.185978943701401825377450753	1.489994501776555499938832938
/data/CDSLSahinalp/bridgersjd/salems_sims/RECOMB-oct_1_2024/simNo_5-s_7-m_8-h_1-minCP_0.10-ISAV_0-n_8-fp_0.001-fn_0.1-na_0-d_0-l_1000000.SC.after_noise	0.001	0.1	cell_0,cell_1,cell_3,cell_4,cell_5,cell_6,cell_7	10000	mut0	0	183.8236567911312711340896577	218.0279659832403081896861293
/data/CDSLSahinalp/bridgersjd/salems_sims/RECOMB-oct_1_2024/simNo_5-s_7-m_8-h_1-minCP_0.10-ISAV_0-n_8-fp_0.001-fn_0.1-na_0-d_0-l_1000000.SC.after_noise	0.001	0.1	cell_0,cell_1,cell_3,cell_4,cell_5,cell_6,cell_7	100000	mut0	0	1837.984036854747799822865528	2183.781392826848464729424721
/data/CDSLSahinalp/bridgersjd/salems_sims/RECOMB-oct_1_2024/simNo_6-s_7-m_8-h_1-minCP_0.10-ISAV_0-n_8-fp_0.001-fn_0.1-na_0-d_0-l_1000000.SC.after_noise	0.001	0.1	cell_0,cell_1,cell_3,cell_4,cell_5	1000	mut1	0	3599.341306136313830733539032	3606.646773699069546489904500
/data/CDSLSahinalp/bridgersjd/salems_sims/RECOMB-oct_1_2024/simNo_6-s_7-m_8-h_1-minCP_0.10-ISAV_0-n_8-fp_0.001-fn_0.1-na_0-d_0-l_1000000.SC.after_noise	0.001	0.1	cell_0,cell_1,cell_3,cell_4,cell_5	100	mut1	0	353.2073034478162268024117040	353.9365270582173736898963585
/data/CDSLSahinalp/bridgersjd/salems_sims/RECOMB-oct_1_2024/simNo_6-s_7-m_8-h_1-minCP_0.10-ISAV_0-n_8-fp_0.001-fn_0.1-na_0-d_0-l_1000000.SC.after_noise	0.001	0.1	cell_0,cell_1,cell_3,cell_4,cell_5	10000	mut1	0	36582.41502846720556915233942	36655.62699042898281498907340
/data/CDSLSahinalp/bridgersjd/salems_sims/RECOMB-oct_1_2024/simNo_6-s_7-m_8-h_1-minCP_0.10-ISAV_0-n_8-fp_0.001-fn_0.1-na_0-d_0-l_1000000.SC.after_noise	0.001	0.1	cell_0,cell_1,cell_3,cell_4,cell_5	100000	mut1	0	365535.2210524786307464485099	366267.1617950676739361086033
/data/CDSLSahinalp/bridgersjd/salems_sims/RECOMB-oct_1_2024/simNo_8-s_7-m_8-h_1-minCP_0.10-ISAV_0-n_8-fp_0.001-fn_0.1-na_0-d_0-l_1000000.SC.after_noise	0.001	0.1	cell_0,cell_1,cell_3,cell_4,cell_5	1000	mut2	0	183.8427941986418036994502371	240.5201491888822383238456941
/data/CDSLSahinalp/bridgersjd/salems_sims/RECOMB-oct_1_2024/simNo_8-s_7-m_8-h_1-minCP_0.10-ISAV_0-n_8-fp_0.001-fn_0.1-na_0-d_0-l_1000000.SC.after_noise	0.001	0.1	cell_0,cell_1,cell_3,cell_4,cell_5	100	mut2	0	18.13606937251997127773968608	26.01632684393970156783492730
/data/CDSLSahinalp/bridgersjd/salems_sims/RECOMB-oct_1_2024/simNo_8-s_7-m_8-h_1-minCP_0.10-ISAV_0-n_8-fp_0.001-fn_0.1-na_0-d_0-l_1000000.SC.after_noise	0.001	0.1	cell_0,cell_1,cell_3,cell_4,cell_5	10000	mut2	0	1820.596537886618410624662776	2450.363367605917010307371696
/data/CDSLSahinalp/bridgersjd/salems_sims/RECOMB-oct_1_2024/simNo_8-s_7-m_8-h_1-minCP_0.10-ISAV_0-n_8-fp_0.001-fn_0.1-na_0-d_0-l_1000000.SC.after_noise	0.001	0.1	cell_0,cell_1,cell_3,cell_4,cell_5	100000	mut2	0	18200.94893992086217607721853	24620.82806573949051092099469
/data/CDSLSahinalp/bridgersjd/salems_sims/RECOMB-oct_1_2024/simNo_10-s_7-m_8-h_1-minCP_0.10-ISAV_0-n_8-fp_0.001-fn_0.1-na_0-d_0-l_1000000.SC.after_noise	0.001	0.1	cell_0,cell_2,cell_3,cell_4,cell_5,cell_6,cell_7	1000	mut0	0	4.540032134427988623730840085	5.264112282294822279504929002
/data/CDSLSahinalp/bridgersjd/salems_sims/RECOMB-oct_1_2024/simNo_10-s_7-m_8-h_1-minCP_0.10-ISAV_0-n_8-fp_0.001-fn_0.1-na_0-d_0-l_1000000.SC.after_noise	0.001	0.1	cell_0,cell_2,cell_3,cell_4,cell_5,cell_6,cell_7	100	mut0	0	0.3747212655783644759795228688	0.4453497935334888067353368538
/data/CDSLSahinalp/bridgersjd/salems_sims/RECOMB-oct_1_2024/simNo_10-s_7-m_8-h_1-minCP_0.10-ISAV_0-n_8-fp_0.001-fn_0.1-na_0-d_0-l_1000000.SC.after_noise	0.001	0.1	cell_0,cell_2,cell_3,cell_4,cell_5,cell_6,cell_7	10000	mut0	0	48.89994493230556980812183004	56.57878673288419096832715588
/data/CDSLSahinalp/bridgersjd/salems_sims/RECOMB-oct_1_2024/simNo_10-s_7-m_8-h_1-minCP_0.10-ISAV_0-n_8-fp_0.001-fn_0.1-na_0-d_0-l_1000000.SC.after_noise	0.001	0.1	cell_0,cell_2,cell_3,cell_4,cell_5,cell_6,cell_7	100000	mut0	0	498.5392317503431040772002040	576.8925150955340945896430324
/data/CDSLSahinalp/bridgersjd/salems_sims/RECOMB-oct_1_2024/simNo_9-s_7-m_8-h_1-minCP_0.10-ISAV_0-n_8-fp_0.001-fn_0.1-na_0-d_0-l_1000000.SC.after_noise	0.001	0.1	cell_0,cell_2,cell_3,cell_5,cell_7	1000	mut2	0	0.4235893528722895048245838101	0.4868634085231663578665526925
/data/CDSLSahinalp/bridgersjd/salems_sims/RECOMB-oct_1_2024/simNo_9-s_7-m_8-h_1-minCP_0.10-ISAV_0-n_8-fp_0.001-fn_0.1-na_0-d_0-l_1000000.SC.after_noise	0.001	0.1	cell_0,cell_2,cell_3,cell_5,cell_7	100	mut2	0	0.04008776489402252719388996174	0.04290005890526504060245337623
/data/CDSLSahinalp/bridgersjd/salems_sims/RECOMB-oct_1_2024/simNo_9-s_7-m_8-h_1-minCP_0.10-ISAV_0-n_8-fp_0.001-fn_0.1-na_0-d_0-l_1000000.SC.after_noise	0.001	0.1	cell_0,cell_2,cell_3,cell_5,cell_7	10000	mut2	0	4.248249732767015664717918584	4.704314484357509493829874254
/data/CDSLSahinalp/bridgersjd/salems_sims/RECOMB-oct_1_2024/simNo_9-s_7-m_8-h_1-minCP_0.10-ISAV_0-n_8-fp_0.001-fn_0.1-na_0-d_0-l_1000000.SC.after_noise	0.001	0.1	cell_0,cell_2,cell_3,cell_5,cell_7	100000	mut2	0	43.49898594601919781377252144	48.23806403001167599517677367
/data/CDSLSahinalp/bridgersjd/salems_sims/RECOMB-oct_1_2024/simNo_9-s_7-m_8-h_1-minCP_0.10-ISAV_0-n_8-fp_0.001-fn_0.1-na_0-d_0-l_1000000.SC.after_noise	0.001	0.1	cell_0,cell_2,cell_3,cell_5,cell_7	1000	mut3	0	0.4862544159000265507916548913	0.4868634085231663578665526925
/data/CDSLSahinalp/bridgersjd/salems_sims/RECOMB-oct_1_2024/simNo_9-s_7-m_8-h_1-minCP_0.10-ISAV_0-n_8-fp_0.001-fn_0.1-na_0-d_0-l_1000000.SC.after_noise	0.001	0.1	cell_0,cell_2,cell_3,cell_5,cell_7	100	mut3	0	0.04285162696524087469085950642	0.04290005890526504060245337623
/data/CDSLSahinalp/bridgersjd/salems_sims/RECOMB-oct_1_2024/simNo_9-s_7-m_8-h_1-minCP_0.10-ISAV_0-n_8-fp_0.001-fn_0.1-na_0-d_0-l_1000000.SC.after_noise	0.001	0.1	cell_0,cell_2,cell_3,cell_5,cell_7	10000	mut3	0	4.698735411753111991724401825	4.704314484357509493829874254
/data/CDSLSahinalp/bridgersjd/salems_sims/RECOMB-oct_1_2024/simNo_9-s_7-m_8-h_1-minCP_0.10-ISAV_0-n_8-fp_0.001-fn_0.1-na_0-d_0-l_1000000.SC.after_noise	0.001	0.1	cell_0,cell_2,cell_3,cell_5,cell_7	100000	mut3	0	48.18110374945455815742828622	48.23806403001167599517677367
/data/CDSLSahinalp/bridgersjd/salems_sims/RECOMB-oct_1_2024/simNo_9-s_7-m_8-h_1-minCP_0.10-ISAV_0-n_8-fp_0.001-fn_0.1-na_0-d_0-l_1000000.SC.after_noise	0.001	0.1	cell_0,cell_3,cell_5	1000	mut4	0	0.003706307556284083021485708442	0.4868634085231663578665526925
/data/CDSLSahinalp/bridgersjd/salems_sims/RECOMB-oct_1_2024/simNo_9-s_7-m_8-h_1-minCP_0.10-ISAV_0-n_8-fp_0.001-fn_0.1-na_0-d_0-l_1000000.SC.after_noise	0.001	0.1	cell_0,cell_3,cell_5	100	mut4	0	0.0003567362208551023157851156394	0.04290005890526504060245337623
/data/CDSLSahinalp/bridgersjd/salems_sims/RECOMB-oct_1_2024/simNo_9-s_7-m_8-h_1-minCP_0.10-ISAV_0-n_8-fp_0.001-fn_0.1-na_0-d_0-l_1000000.SC.after_noise	0.001	0.1	cell_0,cell_3,cell_5	10000	mut4	0	0.03705077741945441889955880315	4.704314484357509493829874254
/data/CDSLSahinalp/bridgersjd/salems_sims/RECOMB-oct_1_2024/simNo_9-s_7-m_8-h_1-minCP_0.10-ISAV_0-n_8-fp_0.001-fn_0.1-na_0-d_0-l_1000000.SC.after_noise	0.001	0.1	cell_0,cell_3,cell_5	100000	mut4	0	0.3820348965160378350450191280	48.23806403001167599517677367
/data/CDSLSahinalp/bridgersjd/salems_sims/RECOMB-oct_1_2024/simNo_9-s_7-m_8-h_1-minCP_0.10-ISAV_0-n_8-fp_0.001-fn_0.1-na_0-d_0-l_1000000.SC.after_noise	0.001	0.1	cell_0,cell_3,cell_5	1000	mut5	0	0.4068328662245193552536190337	0.4868634085231663578665526925
/data/CDSLSahinalp/bridgersjd/salems_sims/RECOMB-oct_1_2024/simNo_9-s_7-m_8-h_1-minCP_0.10-ISAV_0-n_8-fp_0.001-fn_0.1-na_0-d_0-l_1000000.SC.after_noise	0.001	0.1	cell_0,cell_3,cell_5	100	mut5	0	0.03915811545928280658874078673	0.04290005890526504060245337623
/data/CDSLSahinalp/bridgersjd/salems_sims/RECOMB-oct_1_2024/simNo_9-s_7-m_8-h_1-minCP_0.10-ISAV_0-n_8-fp_0.001-fn_0.1-na_0-d_0-l_1000000.SC.after_noise	0.001	0.1	cell_0,cell_3,cell_5	10000	mut5	0	4.066978723297290887615950142	4.704314484357509493829874254
/data/CDSLSahinalp/bridgersjd/salems_sims/RECOMB-oct_1_2024/simNo_9-s_7-m_8-h_1-minCP_0.10-ISAV_0-n_8-fp_0.001-fn_0.1-na_0-d_0-l_1000000.SC.after_noise	0.001	0.1	cell_0,cell_3,cell_5	100000	mut5	0	41.93509296978976024536433935	48.23806403001167599517677367
/data/CDSLSahinalp/bridgersjd/salems_sims/RECOMB-oct_1_2024/simNo_3-s_7-m_8-h_1-minCP_0.10-ISAV_0-n_8-fp_0.001-fn_0.1-na_0-d_0-l_1000000.SC.after_noise	0.001	0.1	cell_0,cell_4,cell_5,cell_7	1000	mut5	0	1889.494997083835741843461125	2337.532264414695283937508133
/data/CDSLSahinalp/bridgersjd/salems_sims/RECOMB-oct_1_2024/simNo_3-s_7-m_8-h_1-minCP_0.10-ISAV_0-n_8-fp_0.001-fn_0.1-na_0-d_0-l_1000000.SC.after_noise	0.001	0.1	cell_0,cell_4,cell_5,cell_7	100	mut5	0	199.4093736431789687410180352	253.9240092874400445309866942
/data/CDSLSahinalp/bridgersjd/salems_sims/RECOMB-oct_1_2024/simNo_3-s_7-m_8-h_1-minCP_0.10-ISAV_0-n_8-fp_0.001-fn_0.1-na_0-d_0-l_1000000.SC.after_noise	0.001	0.1	cell_0,cell_4,cell_5,cell_7	10000	mut5	0	18502.36553372241089931865010	23354.02654823468909176761022
/data/CDSLSahinalp/bridgersjd/salems_sims/RECOMB-oct_1_2024/simNo_3-s_7-m_8-h_1-minCP_0.10-ISAV_0-n_8-fp_0.001-fn_0.1-na_0-d_0-l_1000000.SC.after_noise	0.001	0.1	cell_0,cell_4,cell_5,cell_7	100000	mut5	0	187384.9575700256222773358399	236193.2535218026292687954561
/data/CDSLSahinalp/bridgersjd/salems_sims/RECOMB-oct_1_2024/simNo_5-s_7-m_8-h_1-minCP_0.10-ISAV_0-n_8-fp_0.001-fn_0.1-na_0-d_0-l_1000000.SC.after_noise	0.001	0.1	cell_0,cell_4,cell_5	1000	mut1	0	19.43662657272752997484705916	21.06420686707290845024313911
/data/CDSLSahinalp/bridgersjd/salems_sims/RECOMB-oct_1_2024/simNo_5-s_7-m_8-h_1-minCP_0.10-ISAV_0-n_8-fp_0.001-fn_0.1-na_0-d_0-l_1000000.SC.after_noise	0.001	0.1	cell_0,cell_4,cell_5	100	mut1	0	1.294216449695972518307599804	1.489994501776555499938832938
/data/CDSLSahinalp/bridgersjd/salems_sims/RECOMB-oct_1_2024/simNo_5-s_7-m_8-h_1-minCP_0.10-ISAV_0-n_8-fp_0.001-fn_0.1-na_0-d_0-l_1000000.SC.after_noise	0.001	0.1	cell_0,cell_4,cell_5	10000	mut1	0	201.2408413762296924898564540	218.0279659832403081896861293
/data/CDSLSahinalp/bridgersjd/salems_sims/RECOMB-oct_1_2024/simNo_5-s_7-m_8-h_1-minCP_0.10-ISAV_0-n_8-fp_0.001-fn_0.1-na_0-d_0-l_1000000.SC.after_noise	0.001	0.1	cell_0,cell_4,cell_5	100000	mut1	0	2012.151072048779252373723316	2183.781392826848464729424721
/data/CDSLSahinalp/bridgersjd/salems_sims/RECOMB-oct_1_2024/simNo_10-s_7-m_8-h_1-minCP_0.10-ISAV_0-n_8-fp_0.001-fn_0.1-na_0-d_0-l_1000000.SC.after_noise	0.001	0.1	cell_0,cell_6,cell_7	1000	mut1	0	4.799131703452292621203685195	5.264112282294822279504929002
/data/CDSLSahinalp/bridgersjd/salems_sims/RECOMB-oct_1_2024/simNo_10-s_7-m_8-h_1-minCP_0.10-ISAV_0-n_8-fp_0.001-fn_0.1-na_0-d_0-l_1000000.SC.after_noise	0.001	0.1	cell_0,cell_6,cell_7	100	mut1	0	0.4069102661348746314949974913	0.4453497935334888067353368538
/data/CDSLSahinalp/bridgersjd/salems_sims/RECOMB-oct_1_2024/simNo_10-s_7-m_8-h_1-minCP_0.10-ISAV_0-n_8-fp_0.001-fn_0.1-na_0-d_0-l_1000000.SC.after_noise	0.001	0.1	cell_0,cell_6,cell_7	10000	mut1	0	51.56660902851940126248260519	56.57878673288419096832715588
/data/CDSLSahinalp/bridgersjd/salems_sims/RECOMB-oct_1_2024/simNo_10-s_7-m_8-h_1-minCP_0.10-ISAV_0-n_8-fp_0.001-fn_0.1-na_0-d_0-l_1000000.SC.after_noise	0.001	0.1	cell_0,cell_6,cell_7	100000	mut1	0	525.8052006919332357323398963	576.8925150955340945896430324
/data/CDSLSahinalp/bridgersjd/salems_sims/RECOMB-oct_1_2024/simNo_10-s_7-m_8-h_1-minCP_0.10-ISAV_0-n_8-fp_0.001-fn_0.1-na_0-d_0-l_1000000.SC.after_noise	0.001	0.1	cell_0,cell_7	1000	mut3	0	4.363972234261670984203228544	5.264112282294822279504929002
/data/CDSLSahinalp/bridgersjd/salems_sims/RECOMB-oct_1_2024/simNo_10-s_7-m_8-h_1-minCP_0.10-ISAV_0-n_8-fp_0.001-fn_0.1-na_0-d_0-l_1000000.SC.after_noise	0.001	0.1	cell_0,cell_7	100	mut3	0	0.3573022253863153753764650159	0.4453497935334888067353368538
/data/CDSLSahinalp/bridgersjd/salems_sims/RECOMB-oct_1_2024/simNo_10-s_7-m_8-h_1-minCP_0.10-ISAV_0-n_8-fp_0.001-fn_0.1-na_0-d_0-l_1000000.SC.after_noise	0.001	0.1	cell_0,cell_7	10000	mut3	0	42.76296942375347868539556886	56.57878673288419096832715588
/data/CDSLSahinalp/bridgersjd/salems_sims/RECOMB-oct_1_2024/simNo_10-s_7-m_8-h_1-minCP_0.10-ISAV_0-n_8-fp_0.001-fn_0.1-na_0-d_0-l_1000000.SC.after_noise	0.001	0.1	cell_0,cell_7	100000	mut3	0	427.1240398499388199054967101	576.8925150955340945896430324
/data/CDSLSahinalp/bridgersjd/salems_sims/RECOMB-oct_1_2024/simNo_1-s_7-m_8-h_1-minCP_0.10-ISAV_0-n_8-fp_0.001-fn_0.1-na_0-d_0-l_1000000.SC.after_noise	0.001	0.1	cell_0,cell_7	1000	mut4	0	13.25296117639254662354398907	14.21048101430896278808010099
/data/CDSLSahinalp/bridgersjd/salems_sims/RECOMB-oct_1_2024/simNo_1-s_7-m_8-h_1-minCP_0.10-ISAV_0-n_8-fp_0.001-fn_0.1-na_0-d_0-l_1000000.SC.after_noise	0.001	0.1	cell_0,cell_7	100	mut4	0	1.369952911331489463939749990	1.472450832046465790202298331
/data/CDSLSahinalp/bridgersjd/salems_sims/RECOMB-oct_1_2024/simNo_1-s_7-m_8-h_1-minCP_0.10-ISAV_0-n_8-fp_0.001-fn_0.1-na_0-d_0-l_1000000.SC.after_noise	0.001	0.1	cell_0,cell_7	10000	mut4	0	125.2897444840303127663744989	135.3520340160368357670509127
/data/CDSLSahinalp/bridgersjd/salems_sims/RECOMB-oct_1_2024/simNo_1-s_7-m_8-h_1-minCP_0.10-ISAV_0-n_8-fp_0.001-fn_0.1-na_0-d_0-l_1000000.SC.after_noise	0.001	0.1	cell_0,cell_7	100000	mut4	0	1296.808669548475130457043327	1396.000013254708144683674315
/data/CDSLSahinalp/bridgersjd/salems_sims/RECOMB-oct_1_2024/simNo_6-s_7-m_8-h_1-minCP_0.10-ISAV_0-n_8-fp_0.001-fn_0.1-na_0-d_0-l_1000000.SC.after_noise	0.001	0.1	cell_0	1000	mut5	0	3580.828130053626334283536405	3606.646773699069546489904500
/data/CDSLSahinalp/bridgersjd/salems_sims/RECOMB-oct_1_2024/simNo_6-s_7-m_8-h_1-minCP_0.10-ISAV_0-n_8-fp_0.001-fn_0.1-na_0-d_0-l_1000000.SC.after_noise	0.001	0.1	cell_0	100	mut5	0	351.7514459658476728887592245	353.9365270582173736898963585
/data/CDSLSahinalp/bridgersjd/salems_sims/RECOMB-oct_1_2024/simNo_6-s_7-m_8-h_1-minCP_0.10-ISAV_0-n_8-fp_0.001-fn_0.1-na_0-d_0-l_1000000.SC.after_noise	0.001	0.1	cell_0	10000	mut5	0	36326.55545288285630830507957	36655.62699042898281498907340
/data/CDSLSahinalp/bridgersjd/salems_sims/RECOMB-oct_1_2024/simNo_6-s_7-m_8-h_1-minCP_0.10-ISAV_0-n_8-fp_0.001-fn_0.1-na_0-d_0-l_1000000.SC.after_noise	0.001	0.1	cell_0	100000	mut5	0	363038.1534173169222682513128	366267.1617950676739361086033
/data/CDSLSahinalp/bridgersjd/salems_sims/RECOMB-oct_1_2024/simNo_3-s_7-m_8-h_1-minCP_0.10-ISAV_0-n_8-fp_0.001-fn_0.1-na_0-d_0-l_1000000.SC.after_noise	0.001	0.1	cell_0	1000	mut6	0	2179.298640778333361690072548	2337.532264414695283937508133
/data/CDSLSahinalp/bridgersjd/salems_sims/RECOMB-oct_1_2024/simNo_6-s_7-m_8-h_1-minCP_0.10-ISAV_0-n_8-fp_0.001-fn_0.1-na_0-d_0-l_1000000.SC.after_noise	0.001	0.1	cell_0	1000	mut6	0	3580.828130053626334283536405	3606.646773699069546489904500
/data/CDSLSahinalp/bridgersjd/salems_sims/RECOMB-oct_1_2024/simNo_3-s_7-m_8-h_1-minCP_0.10-ISAV_0-n_8-fp_0.001-fn_0.1-na_0-d_0-l_1000000.SC.after_noise	0.001	0.1	cell_0	100	mut6	0	236.9723365554980616297706981	253.9240092874400445309866942
/data/CDSLSahinalp/bridgersjd/salems_sims/RECOMB-oct_1_2024/simNo_6-s_7-m_8-h_1-minCP_0.10-ISAV_0-n_8-fp_0.001-fn_0.1-na_0-d_0-l_1000000.SC.after_noise	0.001	0.1	cell_0	100	mut6	0	351.7514459658476728887592245	353.9365270582173736898963585
/data/CDSLSahinalp/bridgersjd/salems_sims/RECOMB-oct_1_2024/simNo_3-s_7-m_8-h_1-minCP_0.10-ISAV_0-n_8-fp_0.001-fn_0.1-na_0-d_0-l_1000000.SC.after_noise	0.001	0.1	cell_0	10000	mut6	0	21763.59492707125144460553022	23354.02654823468909176761022
/data/CDSLSahinalp/bridgersjd/salems_sims/RECOMB-oct_1_2024/simNo_6-s_7-m_8-h_1-minCP_0.10-ISAV_0-n_8-fp_0.001-fn_0.1-na_0-d_0-l_1000000.SC.after_noise	0.001	0.1	cell_0	10000	mut6	0	36326.55545288285630830507957	36655.62699042898281498907340
/data/CDSLSahinalp/bridgersjd/salems_sims/RECOMB-oct_1_2024/simNo_3-s_7-m_8-h_1-minCP_0.10-ISAV_0-n_8-fp_0.001-fn_0.1-na_0-d_0-l_1000000.SC.after_noise	0.001	0.1	cell_0	100000	mut6	0	220151.9299567133388193883312	236193.2535218026292687954561
/data/CDSLSahinalp/bridgersjd/salems_sims/RECOMB-oct_1_2024/simNo_6-s_7-m_8-h_1-minCP_0.10-ISAV_0-n_8-fp_0.001-fn_0.1-na_0-d_0-l_1000000.SC.after_noise	0.001	0.1	cell_0	100000	mut6	0	363038.1534173169222682513128	366267.1617950676739361086033
/data/CDSLSahinalp/bridgersjd/salems_sims/RECOMB-oct_1_2024/simNo_3-s_7-m_8-h_1-minCP_0.10-ISAV_0-n_8-fp_0.001-fn_0.1-na_0-d_0-l_1000000.SC.after_noise	0.001	0.1	cell_0	1000	mut7	0	2179.298640778333361690072548	2337.532264414695283937508133
/data/CDSLSahinalp/bridgersjd/salems_sims/RECOMB-oct_1_2024/simNo_8-s_7-m_8-h_1-minCP_0.10-ISAV_0-n_8-fp_0.001-fn_0.1-na_0-d_0-l_1000000.SC.after_noise	0.001	0.1	cell_0	1000	mut7	0	232.5864259868724176016776413	240.5201491888822383238456941
/data/CDSLSahinalp/bridgersjd/salems_sims/RECOMB-oct_1_2024/simNo_9-s_7-m_8-h_1-minCP_0.10-ISAV_0-n_8-fp_0.001-fn_0.1-na_0-d_0-l_1000000.SC.after_noise	0.001	0.1	cell_0	1000	mut7	0	0.02660339135067654843235361930	0.4868634085231663578665526925
/data/CDSLSahinalp/bridgersjd/salems_sims/RECOMB-oct_1_2024/simNo_3-s_7-m_8-h_1-minCP_0.10-ISAV_0-n_8-fp_0.001-fn_0.1-na_0-d_0-l_1000000.SC.after_noise	0.001	0.1	cell_0	100	mut7	0	236.9723365554980616297706981	253.9240092874400445309866942
/data/CDSLSahinalp/bridgersjd/salems_sims/RECOMB-oct_1_2024/simNo_8-s_7-m_8-h_1-minCP_0.10-ISAV_0-n_8-fp_0.001-fn_0.1-na_0-d_0-l_1000000.SC.after_noise	0.001	0.1	cell_0	100	mut7	0	25.36149695342248819192573926	26.01632684393969926343875695
/data/CDSLSahinalp/bridgersjd/salems_sims/RECOMB-oct_1_2024/simNo_9-s_7-m_8-h_1-minCP_0.10-ISAV_0-n_8-fp_0.001-fn_0.1-na_0-d_0-l_1000000.SC.after_noise	0.001	0.1	cell_0	100	mut7	0	0.002343169907876918599995083016	0.04290005890526504060245337623
/data/CDSLSahinalp/bridgersjd/salems_sims/RECOMB-oct_1_2024/simNo_3-s_7-m_8-h_1-minCP_0.10-ISAV_0-n_8-fp_0.001-fn_0.1-na_0-d_0-l_1000000.SC.after_noise	0.001	0.1	cell_0	10000	mut7	0	21763.59492707125144460553022	23354.02654823468909176761022
/data/CDSLSahinalp/bridgersjd/salems_sims/RECOMB-oct_1_2024/simNo_8-s_7-m_8-h_1-minCP_0.10-ISAV_0-n_8-fp_0.001-fn_0.1-na_0-d_0-l_1000000.SC.after_noise	0.001	0.1	cell_0	10000	mut7	0	2366.961438064217781426449173	2450.363367605917010307371696
/data/CDSLSahinalp/bridgersjd/salems_sims/RECOMB-oct_1_2024/simNo_9-s_7-m_8-h_1-minCP_0.10-ISAV_0-n_8-fp_0.001-fn_0.1-na_0-d_0-l_1000000.SC.after_noise	0.001	0.1	cell_0	10000	mut7	0	0.2570112564467856466520997779	4.704314484357509493829874254
/data/CDSLSahinalp/bridgersjd/salems_sims/RECOMB-oct_1_2024/simNo_3-s_7-m_8-h_1-minCP_0.10-ISAV_0-n_8-fp_0.001-fn_0.1-na_0-d_0-l_1000000.SC.after_noise	0.001	0.1	cell_0	100000	mut7	0	220151.9299567133388193883312	236193.2535218026292687954561
/data/CDSLSahinalp/bridgersjd/salems_sims/RECOMB-oct_1_2024/simNo_8-s_7-m_8-h_1-minCP_0.10-ISAV_0-n_8-fp_0.001-fn_0.1-na_0-d_0-l_1000000.SC.after_noise	0.001	0.1	cell_0	100000	mut7	0	23806.09020540233680439794720	24620.82806573949051092099469
/data/CDSLSahinalp/bridgersjd/salems_sims/RECOMB-oct_1_2024/simNo_9-s_7-m_8-h_1-minCP_0.10-ISAV_0-n_8-fp_0.001-fn_0.1-na_0-d_0-l_1000000.SC.after_noise	0.001	0.1	cell_0	100000	mut7	0	2.635337130433841105310342434	48.23806403001167599517677367
/data/CDSLSahinalp/bridgersjd/salems_sims/RECOMB-oct_1_2024/simNo_2-s_7-m_8-h_1-minCP_0.10-ISAV_0-n_8-fp_0.001-fn_0.1-na_0-d_0-l_1000000.SC.after_noise	0.001	0.1	cell_1,cell_2,cell_3,cell_4,cell_5,cell_6	1000	mut0	0	9232.747176579479018819906545	9331.236686749843554103242291
/data/CDSLSahinalp/bridgersjd/salems_sims/RECOMB-oct_1_2024/simNo_2-s_7-m_8-h_1-minCP_0.10-ISAV_0-n_8-fp_0.001-fn_0.1-na_0-d_0-l_1000000.SC.after_noise	0.001	0.1	cell_1,cell_2,cell_3,cell_4,cell_5,cell_6	100	mut0	0	1034.063308111893685828810919	1045.154196859067172118662954
/data/CDSLSahinalp/bridgersjd/salems_sims/RECOMB-oct_1_2024/simNo_2-s_7-m_8-h_1-minCP_0.10-ISAV_0-n_8-fp_0.001-fn_0.1-na_0-d_0-l_1000000.SC.after_noise	0.001	0.1	cell_1,cell_2,cell_3,cell_4,cell_5,cell_6	10000	mut0	0	90130.49920278783209422094306	91091.35394427750094056147486
/data/CDSLSahinalp/bridgersjd/salems_sims/RECOMB-oct_1_2024/simNo_2-s_7-m_8-h_1-minCP_0.10-ISAV_0-n_8-fp_0.001-fn_0.1-na_0-d_0-l_1000000.SC.after_noise	0.001	0.1	cell_1,cell_2,cell_3,cell_4,cell_5,cell_6	100000	mut0	0	902087.1142178213238705129250	911704.0839354169985035022735
/data/CDSLSahinalp/bridgersjd/salems_sims/RECOMB-oct_1_2024/simNo_2-s_7-m_8-h_1-minCP_0.10-ISAV_0-n_8-fp_0.001-fn_0.1-na_0-d_0-l_1000000.SC.after_noise	0.001	0.1	cell_1,cell_2,cell_3,cell_4,cell_5,cell_6	1000	mut1	0	9232.747176579479018819906545	9331.236686749843554103242291
/data/CDSLSahinalp/bridgersjd/salems_sims/RECOMB-oct_1_2024/simNo_2-s_7-m_8-h_1-minCP_0.10-ISAV_0-n_8-fp_0.001-fn_0.1-na_0-d_0-l_1000000.SC.after_noise	0.001	0.1	cell_1,cell_2,cell_3,cell_4,cell_5,cell_6	100	mut1	0	1034.063308111893685828810919	1045.154196859067172118662954
/data/CDSLSahinalp/bridgersjd/salems_sims/RECOMB-oct_1_2024/simNo_2-s_7-m_8-h_1-minCP_0.10-ISAV_0-n_8-fp_0.001-fn_0.1-na_0-d_0-l_1000000.SC.after_noise	0.001	0.1	cell_1,cell_2,cell_3,cell_4,cell_5,cell_6	10000	mut1	0	90130.49920278783209422094306	91091.35394427750094056147486
/data/CDSLSahinalp/bridgersjd/salems_sims/RECOMB-oct_1_2024/simNo_2-s_7-m_8-h_1-minCP_0.10-ISAV_0-n_8-fp_0.001-fn_0.1-na_0-d_0-l_1000000.SC.after_noise	0.001	0.1	cell_1,cell_2,cell_3,cell_4,cell_5,cell_6	100000	mut1	0	902087.1142178213617242482651	911704.0839354170367786398566
/data/CDSLSahinalp/bridgersjd/salems_sims/RECOMB-oct_1_2024/simNo_1-s_7-m_8-h_1-minCP_0.10-ISAV_0-n_8-fp_0.001-fn_0.1-na_0-d_0-l_1000000.SC.after_noise	0.001	0.1	cell_1,cell_2,cell_5,cell_6	1000	mut2	0	10.71257915435278835622030730	14.21048101430896665743530273
/data/CDSLSahinalp/bridgersjd/salems_sims/RECOMB-oct_1_2024/simNo_1-s_7-m_8-h_1-minCP_0.10-ISAV_0-n_8-fp_0.001-fn_0.1-na_0-d_0-l_1000000.SC.after_noise	0.001	0.1	cell_1,cell_2,cell_5,cell_6	100	mut2	0	1.257985588557756530525926557	1.472450832046466191770090864
/data/CDSLSahinalp/bridgersjd/salems_sims/RECOMB-oct_1_2024/simNo_1-s_7-m_8-h_1-minCP_0.10-ISAV_0-n_8-fp_0.001-fn_0.1-na_0-d_0-l_1000000.SC.after_noise	0.001	0.1	cell_1,cell_2,cell_5,cell_6	10000	mut2	0	103.1382569949812617242244775	135.3520340160368357670509127
/data/CDSLSahinalp/bridgersjd/salems_sims/RECOMB-oct_1_2024/simNo_1-s_7-m_8-h_1-minCP_0.10-ISAV_0-n_8-fp_0.001-fn_0.1-na_0-d_0-l_1000000.SC.after_noise	0.001	0.1	cell_1,cell_2,cell_5,cell_6	100000	mut2	0	1062.348659558999105816974161	1396.000013254708144683674315
/data/CDSLSahinalp/bridgersjd/salems_sims/RECOMB-oct_1_2024/simNo_4-s_7-m_8-h_1-minCP_0.10-ISAV_0-n_8-fp_0.001-fn_0.1-na_0-d_0-l_1000000.SC.after_noise	0.001	0.1	cell_1,cell_2,cell_6,cell_7	1000	mut0	0	73.12439163198206043271100663	73.13234286739163179362397103
/data/CDSLSahinalp/bridgersjd/salems_sims/RECOMB-oct_1_2024/simNo_4-s_7-m_8-h_1-minCP_0.10-ISAV_0-n_8-fp_0.001-fn_0.1-na_0-d_0-l_1000000.SC.after_noise	0.001	0.1	cell_1,cell_2,cell_6,cell_7	100	mut0	0	7.139093557427505361365277560	7.139851922959679185425675925
/data/CDSLSahinalp/bridgersjd/salems_sims/RECOMB-oct_1_2024/simNo_4-s_7-m_8-h_1-minCP_0.10-ISAV_0-n_8-fp_0.001-fn_0.1-na_0-d_0-l_1000000.SC.after_noise	0.001	0.1	cell_1,cell_2,cell_6,cell_7	10000	mut0	0	751.1872981613788563369061210	751.2830515408764655637075031
/data/CDSLSahinalp/bridgersjd/salems_sims/RECOMB-oct_1_2024/simNo_4-s_7-m_8-h_1-minCP_0.10-ISAV_0-n_8-fp_0.001-fn_0.1-na_0-d_0-l_1000000.SC.after_noise	0.001	0.1	cell_1,cell_2,cell_6,cell_7	100000	mut0	0	7516.538984451309380316745591	7517.534231295606136924742446
/data/CDSLSahinalp/bridgersjd/salems_sims/RECOMB-oct_1_2024/simNo_4-s_7-m_8-h_1-minCP_0.10-ISAV_0-n_8-fp_0.001-fn_0.1-na_0-d_0-l_1000000.SC.after_noise	0.001	0.1	cell_1,cell_2,cell_6,cell_7	1000	mut1	0	71.97243919333605010764922293	73.13234286739163179362397103
/data/CDSLSahinalp/bridgersjd/salems_sims/RECOMB-oct_1_2024/simNo_4-s_7-m_8-h_1-minCP_0.10-ISAV_0-n_8-fp_0.001-fn_0.1-na_0-d_0-l_1000000.SC.after_noise	0.001	0.1	cell_1,cell_2,cell_6,cell_7	100	mut1	0	7.041119013705266244678943959	7.139851922959679185425675925
/data/CDSLSahinalp/bridgersjd/salems_sims/RECOMB-oct_1_2024/simNo_4-s_7-m_8-h_1-minCP_0.10-ISAV_0-n_8-fp_0.001-fn_0.1-na_0-d_0-l_1000000.SC.after_noise	0.001	0.1	cell_1,cell_2,cell_6,cell_7	10000	mut1	0	740.0625531914176747148254727	751.2830515408764655637075031
/data/CDSLSahinalp/bridgersjd/salems_sims/RECOMB-oct_1_2024/simNo_4-s_7-m_8-h_1-minCP_0.10-ISAV_0-n_8-fp_0.001-fn_0.1-na_0-d_0-l_1000000.SC.after_noise	0.001	0.1	cell_1,cell_2,cell_6,cell_7	100000	mut1	0	7405.303154211237853806344398	7517.534231295606136924742446
/data/CDSLSahinalp/bridgersjd/salems_sims/RECOMB-oct_1_2024/simNo_6-s_7-m_8-h_1-minCP_0.10-ISAV_0-n_8-fp_0.001-fn_0.1-na_0-d_0-l_1000000.SC.after_noise	0.001	0.1	cell_1,cell_3,cell_4,cell_5	1000	mut2	0	2822.632547923812138561334956	3606.646773699069546489904500
/data/CDSLSahinalp/bridgersjd/salems_sims/RECOMB-oct_1_2024/simNo_6-s_7-m_8-h_1-minCP_0.10-ISAV_0-n_8-fp_0.001-fn_0.1-na_0-d_0-l_1000000.SC.after_noise	0.001	0.1	cell_1,cell_3,cell_4,cell_5	100	mut2	0	294.2422570981880887897810697	353.9365270582173736898963585
/data/CDSLSahinalp/bridgersjd/salems_sims/RECOMB-oct_1_2024/simNo_6-s_7-m_8-h_1-minCP_0.10-ISAV_0-n_8-fp_0.001-fn_0.1-na_0-d_0-l_1000000.SC.after_noise	0.001	0.1	cell_1,cell_3,cell_4,cell_5	10000	mut2	0	27682.65415149373321604624605	36655.62699042898281498907340
/data/CDSLSahinalp/bridgersjd/salems_sims/RECOMB-oct_1_2024/simNo_6-s_7-m_8-h_1-minCP_0.10-ISAV_0-n_8-fp_0.001-fn_0.1-na_0-d_0-l_1000000.SC.after_noise	0.001	0.1	cell_1,cell_3,cell_4,cell_5	100000	mut2	0	278172.3718386619818194510216	366267.1617950676739361086033
/data/CDSLSahinalp/bridgersjd/salems_sims/RECOMB-oct_1_2024/simNo_5-s_7-m_8-h_1-minCP_0.10-ISAV_0-n_8-fp_0.001-fn_0.1-na_0-d_0-l_1000000.SC.after_noise	0.001	0.1	cell_1,cell_3	1000	mut2	0	19.62674728017354559435169011	21.06420686707290653415138950
/data/CDSLSahinalp/bridgersjd/salems_sims/RECOMB-oct_1_2024/simNo_5-s_7-m_8-h_1-minCP_0.10-ISAV_0-n_8-fp_0.001-fn_0.1-na_0-d_0-l_1000000.SC.after_noise	0.001	0.1	cell_1,cell_3	100	mut2	0	1.392350977869543023911875663	1.489994501776555499938832938
/data/CDSLSahinalp/bridgersjd/salems_sims/RECOMB-oct_1_2024/simNo_5-s_7-m_8-h_1-minCP_0.10-ISAV_0-n_8-fp_0.001-fn_0.1-na_0-d_0-l_1000000.SC.after_noise	0.001	0.1	cell_1,cell_3	10000	mut2	0	202.8533482258205625725171017	218.0279659832403081896861293
/data/CDSLSahinalp/bridgersjd/salems_sims/RECOMB-oct_1_2024/simNo_5-s_7-m_8-h_1-minCP_0.10-ISAV_0-n_8-fp_0.001-fn_0.1-na_0-d_0-l_1000000.SC.after_noise	0.001	0.1	cell_1,cell_3	100000	mut2	0	2031.212815458562057084428455	2183.781392826848464729424721
/data/CDSLSahinalp/bridgersjd/salems_sims/RECOMB-oct_1_2024/simNo_3-s_7-m_8-h_1-minCP_0.10-ISAV_0-n_8-fp_0.001-fn_0.1-na_0-d_0-l_1000000.SC.after_noise	0.001	0.1	cell_1,cell_6	1000	mut4	0	0	2337.532264414695236752959300
/data/CDSLSahinalp/bridgersjd/salems_sims/RECOMB-oct_1_2024/simNo_3-s_7-m_8-h_1-minCP_0.10-ISAV_0-n_8-fp_0.001-fn_0.1-na_0-d_0-l_1000000.SC.after_noise	0.001	0.1	cell_1,cell_6	100	mut4	0	0	253.9240092874400445309866942
/data/CDSLSahinalp/bridgersjd/salems_sims/RECOMB-oct_1_2024/simNo_3-s_7-m_8-h_1-minCP_0.10-ISAV_0-n_8-fp_0.001-fn_0.1-na_0-d_0-l_1000000.SC.after_noise	0.001	0.1	cell_1,cell_6	10000	mut4	0	0	23354.02654823468909176761022
/data/CDSLSahinalp/bridgersjd/salems_sims/RECOMB-oct_1_2024/simNo_3-s_7-m_8-h_1-minCP_0.10-ISAV_0-n_8-fp_0.001-fn_0.1-na_0-d_0-l_1000000.SC.after_noise	0.001	0.1	cell_1,cell_6	100000	mut4	0	0	236193.2535218026292687954561
/data/CDSLSahinalp/bridgersjd/salems_sims/RECOMB-oct_1_2024/simNo_1-s_7-m_8-h_1-minCP_0.10-ISAV_0-n_8-fp_0.001-fn_0.1-na_0-d_0-l_1000000.SC.after_noise	0.001	0.1	cell_1	1000	mut3	0	13.63399265777852245764921981	14.21048101430896278808010099
/data/CDSLSahinalp/bridgersjd/salems_sims/RECOMB-oct_1_2024/simNo_5-s_7-m_8-h_1-minCP_0.10-ISAV_0-n_8-fp_0.001-fn_0.1-na_0-d_0-l_1000000.SC.after_noise	0.001	0.1	cell_1	1000	mut3	0	1.154698527301755275876523872	21.06420686707290653415138950
/data/CDSLSahinalp/bridgersjd/salems_sims/RECOMB-oct_1_2024/simNo_1-s_7-m_8-h_1-minCP_0.10-ISAV_0-n_8-fp_0.001-fn_0.1-na_0-d_0-l_1000000.SC.after_noise	0.001	0.1	cell_1	100	mut3	0	1.441688676735575916154804999	1.472450832046466191770090864
/data/CDSLSahinalp/bridgersjd/salems_sims/RECOMB-oct_1_2024/simNo_5-s_7-m_8-h_1-minCP_0.10-ISAV_0-n_8-fp_0.001-fn_0.1-na_0-d_0-l_1000000.SC.after_noise	0.001	0.1	cell_1	100	mut3	0	0.08167215497701753811445512174	1.489994501776555499938832938
/data/CDSLSahinalp/bridgersjd/salems_sims/RECOMB-oct_1_2024/simNo_1-s_7-m_8-h_1-minCP_0.10-ISAV_0-n_8-fp_0.001-fn_0.1-na_0-d_0-l_1000000.SC.after_noise	0.001	0.1	cell_1	10000	mut3	0	129.5755496539492570440156937	135.3520340160368357670509127
/data/CDSLSahinalp/bridgersjd/salems_sims/RECOMB-oct_1_2024/simNo_5-s_7-m_8-h_1-minCP_0.10-ISAV_0-n_8-fp_0.001-fn_0.1-na_0-d_0-l_1000000.SC.after_noise	0.001	0.1	cell_1	10000	mut3	0	11.95302535393205431781486984	218.0279659832403081896861293
/data/CDSLSahinalp/bridgersjd/salems_sims/RECOMB-oct_1_2024/simNo_1-s_7-m_8-h_1-minCP_0.10-ISAV_0-n_8-fp_0.001-fn_0.1-na_0-d_0-l_1000000.SC.after_noise	0.001	0.1	cell_1	100000	mut3	0	1336.693108545460694116083006	1396.000013254708144683674315
/data/CDSLSahinalp/bridgersjd/salems_sims/RECOMB-oct_1_2024/simNo_5-s_7-m_8-h_1-minCP_0.10-ISAV_0-n_8-fp_0.001-fn_0.1-na_0-d_0-l_1000000.SC.after_noise	0.001	0.1	cell_1	100000	mut3	0	119.7246325727652877757888146	2183.781392826848464729424721
/data/CDSLSahinalp/bridgersjd/salems_sims/RECOMB-oct_1_2024/simNo_5-s_7-m_8-h_1-minCP_0.10-ISAV_0-n_8-fp_0.001-fn_0.1-na_0-d_0-l_1000000.SC.after_noise	0.001	0.1	cell_1	1000	mut4	0	1.154698527301755275876523872	21.06420686707290653415138950
/data/CDSLSahinalp/bridgersjd/salems_sims/RECOMB-oct_1_2024/simNo_5-s_7-m_8-h_1-minCP_0.10-ISAV_0-n_8-fp_0.001-fn_0.1-na_0-d_0-l_1000000.SC.after_noise	0.001	0.1	cell_1	100	mut4	0	0.08167215497701755265798183163	1.489994501776555764824397349
/data/CDSLSahinalp/bridgersjd/salems_sims/RECOMB-oct_1_2024/simNo_5-s_7-m_8-h_1-minCP_0.10-ISAV_0-n_8-fp_0.001-fn_0.1-na_0-d_0-l_1000000.SC.after_noise	0.001	0.1	cell_1	10000	mut4	0	11.95302535393205431781486984	218.0279659832403081896861293
/data/CDSLSahinalp/bridgersjd/salems_sims/RECOMB-oct_1_2024/simNo_5-s_7-m_8-h_1-minCP_0.10-ISAV_0-n_8-fp_0.001-fn_0.1-na_0-d_0-l_1000000.SC.after_noise	0.001	0.1	cell_1	100000	mut4	0	119.7246325727652877757888146	2183.781392826848464729424721
/data/CDSLSahinalp/bridgersjd/salems_sims/RECOMB-oct_1_2024/simNo_5-s_7-m_8-h_1-minCP_0.10-ISAV_0-n_8-fp_0.001-fn_0.1-na_0-d_0-l_1000000.SC.after_noise	0.001	0.1	cell_1	1000	mut5	0	1.154698527301755275876523872	21.06420686707290653415138950
/data/CDSLSahinalp/bridgersjd/salems_sims/RECOMB-oct_1_2024/simNo_5-s_7-m_8-h_1-minCP_0.10-ISAV_0-n_8-fp_0.001-fn_0.1-na_0-d_0-l_1000000.SC.after_noise	0.001	0.1	cell_1	100	mut5	0	0.08167215497701755265798183163	1.489994501776555764824397349
/data/CDSLSahinalp/bridgersjd/salems_sims/RECOMB-oct_1_2024/simNo_5-s_7-m_8-h_1-minCP_0.10-ISAV_0-n_8-fp_0.001-fn_0.1-na_0-d_0-l_1000000.SC.after_noise	0.001	0.1	cell_1	10000	mut5	0	11.95302535393205431781486984	218.0279659832403081896861293
/data/CDSLSahinalp/bridgersjd/salems_sims/RECOMB-oct_1_2024/simNo_5-s_7-m_8-h_1-minCP_0.10-ISAV_0-n_8-fp_0.001-fn_0.1-na_0-d_0-l_1000000.SC.after_noise	0.001	0.1	cell_1	100000	mut5	0	119.7246325727653007777299008	2183.781392826848701741613647
/data/CDSLSahinalp/bridgersjd/salems_sims/RECOMB-oct_1_2024/simNo_7-s_7-m_8-h_1-minCP_0.10-ISAV_0-n_8-fp_0.001-fn_0.1-na_0-d_0-l_1000000.SC.after_noise	0.001	0.1	cell_2,cell_3,cell_4,cell_5,cell_7	1000	mut0	0	4.121332364457981855991407857	4.604663838755158334326136983
/data/CDSLSahinalp/bridgersjd/salems_sims/RECOMB-oct_1_2024/simNo_7-s_7-m_8-h_1-minCP_0.10-ISAV_0-n_8-fp_0.001-fn_0.1-na_0-d_0-l_1000000.SC.after_noise	0.001	0.1	cell_2,cell_3,cell_4,cell_5,cell_7	100	mut0	0	0.3748621825191323168445142415	0.4206934125660270633603688807
/data/CDSLSahinalp/bridgersjd/salems_sims/RECOMB-oct_1_2024/simNo_7-s_7-m_8-h_1-minCP_0.10-ISAV_0-n_8-fp_0.001-fn_0.1-na_0-d_0-l_1000000.SC.after_noise	0.001	0.1	cell_2,cell_3,cell_4,cell_5,cell_7	10000	mut0	0	41.75954221038792355275274154	46.48184556331693913437263845
/data/CDSLSahinalp/bridgersjd/salems_sims/RECOMB-oct_1_2024/simNo_7-s_7-m_8-h_1-minCP_0.10-ISAV_0-n_8-fp_0.001-fn_0.1-na_0-d_0-l_1000000.SC.after_noise	0.001	0.1	cell_2,cell_3,cell_4,cell_5,cell_7	100000	mut0	0	416.1947418149298445210546269	463.3777037030793428337682763
/data/CDSLSahinalp/bridgersjd/salems_sims/RECOMB-oct_1_2024/simNo_1-s_7-m_8-h_1-minCP_0.10-ISAV_0-n_8-fp_0.001-fn_0.1-na_0-d_0-l_1000000.SC.after_noise	0.001	0.1	cell_2,cell_6	1000	mut5	0	11.41584037815033844552069305	14.21048101430896278808010099
/data/CDSLSahinalp/bridgersjd/salems_sims/RECOMB-oct_1_2024/simNo_1-s_7-m_8-h_1-minCP_0.10-ISAV_0-n_8-fp_0.001-fn_0.1-na_0-d_0-l_1000000.SC.after_noise	0.001	0.1	cell_2,cell_6	100	mut5	0	1.157720506589987004673552719	1.472450832046465790202298331
/data/CDSLSahinalp/bridgersjd/salems_sims/RECOMB-oct_1_2024/simNo_1-s_7-m_8-h_1-minCP_0.10-ISAV_0-n_8-fp_0.001-fn_0.1-na_0-d_0-l_1000000.SC.after_noise	0.001	0.1	cell_2,cell_6	10000	mut5	0	105.9372816915965353347237617	135.3520340160368357670509127
/data/CDSLSahinalp/bridgersjd/salems_sims/RECOMB-oct_1_2024/simNo_1-s_7-m_8-h_1-minCP_0.10-ISAV_0-n_8-fp_0.001-fn_0.1-na_0-d_0-l_1000000.SC.after_noise	0.001	0.1	cell_2,cell_6	100000	mut5	0	1110.121178891480252816460491	1396.000013254708144683674315
/data/CDSLSahinalp/bridgersjd/salems_sims/RECOMB-oct_1_2024/simNo_7-s_7-m_8-h_1-minCP_0.10-ISAV_0-n_8-fp_0.001-fn_0.1-na_0-d_0-l_1000000.SC.after_noise	0.001	0.1	cell_2,cell_7	1000	mut1	0	4.122122652913890135079857965	4.604663838755158334326136983
/data/CDSLSahinalp/bridgersjd/salems_sims/RECOMB-oct_1_2024/simNo_7-s_7-m_8-h_1-minCP_0.10-ISAV_0-n_8-fp_0.001-fn_0.1-na_0-d_0-l_1000000.SC.after_noise	0.001	0.1	cell_2,cell_7	100	mut1	0	0.3748072548054476417512207876	0.4206934125660270633603688807
/data/CDSLSahinalp/bridgersjd/salems_sims/RECOMB-oct_1_2024/simNo_7-s_7-m_8-h_1-minCP_0.10-ISAV_0-n_8-fp_0.001-fn_0.1-na_0-d_0-l_1000000.SC.after_noise	0.001	0.1	cell_2,cell_7	10000	mut1	0	41.79229985892692090829294142	46.48184556331693913437263845
/data/CDSLSahinalp/bridgersjd/salems_sims/RECOMB-oct_1_2024/simNo_7-s_7-m_8-h_1-minCP_0.10-ISAV_0-n_8-fp_0.001-fn_0.1-na_0-d_0-l_1000000.SC.after_noise	0.001	0.1	cell_2,cell_7	100000	mut1	0	416.5100811377082579249833471	463.3777037030793428337682763
/data/CDSLSahinalp/bridgersjd/salems_sims/RECOMB-oct_1_2024/simNo_9-s_7-m_8-h_1-minCP_0.10-ISAV_0-n_8-fp_0.001-fn_0.1-na_0-d_0-l_1000000.SC.after_noise	0.001	0.1	cell_2,cell_7	1000	mut6	0	0.4739301282981520188088960327	0.4868634085231663578665526925
/data/CDSLSahinalp/bridgersjd/salems_sims/RECOMB-oct_1_2024/simNo_9-s_7-m_8-h_1-minCP_0.10-ISAV_0-n_8-fp_0.001-fn_0.1-na_0-d_0-l_1000000.SC.after_noise	0.001	0.1	cell_2,cell_7	100	mut6	0	0.04208610331395152496832658494	0.04290005890526504060245337623
/data/CDSLSahinalp/bridgersjd/salems_sims/RECOMB-oct_1_2024/simNo_9-s_7-m_8-h_1-minCP_0.10-ISAV_0-n_8-fp_0.001-fn_0.1-na_0-d_0-l_1000000.SC.after_noise	0.001	0.1	cell_2,cell_7	10000	mut6	0	4.604029939098371112131898527	4.704314484357509493829874254
/data/CDSLSahinalp/bridgersjd/salems_sims/RECOMB-oct_1_2024/simNo_9-s_7-m_8-h_1-minCP_0.10-ISAV_0-n_8-fp_0.001-fn_0.1-na_0-d_0-l_1000000.SC.after_noise	0.001	0.1	cell_2,cell_7	100000	mut6	0	47.27192067407931519179530919	48.23806403001167599517677367
/data/CDSLSahinalp/bridgersjd/salems_sims/RECOMB-oct_1_2024/simNo_3-s_7-m_8-h_1-minCP_0.10-ISAV_0-n_8-fp_0.001-fn_0.1-na_0-d_0-l_1000000.SC.after_noise	0.001	0.1	cell_2	1000	mut2	0	2261.440120129697694788459790	2337.532264414695236752959300
/data/CDSLSahinalp/bridgersjd/salems_sims/RECOMB-oct_1_2024/simNo_3-s_7-m_8-h_1-minCP_0.10-ISAV_0-n_8-fp_0.001-fn_0.1-na_0-d_0-l_1000000.SC.after_noise	0.001	0.1	cell_2	100	mut2	0	246.4063564300425556560004636	253.9240092874400445309866942
/data/CDSLSahinalp/bridgersjd/salems_sims/RECOMB-oct_1_2024/simNo_3-s_7-m_8-h_1-minCP_0.10-ISAV_0-n_8-fp_0.001-fn_0.1-na_0-d_0-l_1000000.SC.after_noise	0.001	0.1	cell_2	10000	mut2	0	22624.27832289283959655323927	23354.02654823468909176761022
/data/CDSLSahinalp/bridgersjd/salems_sims/RECOMB-oct_1_2024/simNo_3-s_7-m_8-h_1-minCP_0.10-ISAV_0-n_8-fp_0.001-fn_0.1-na_0-d_0-l_1000000.SC.after_noise	0.001	0.1	cell_2	100000	mut2	0	229034.7962751142405495601286	236193.2535218026292687954561
/data/CDSLSahinalp/bridgersjd/salems_sims/RECOMB-oct_1_2024/simNo_7-s_7-m_8-h_1-minCP_0.10-ISAV_0-n_8-fp_0.001-fn_0.1-na_0-d_0-l_1000000.SC.after_noise	0.001	0.1	cell_2	1000	mut3	0	4.197557236992812335878342514	4.604663838755158334326136983
/data/CDSLSahinalp/bridgersjd/salems_sims/RECOMB-oct_1_2024/simNo_7-s_7-m_8-h_1-minCP_0.10-ISAV_0-n_8-fp_0.001-fn_0.1-na_0-d_0-l_1000000.SC.after_noise	0.001	0.1	cell_2	100	mut3	0	0.3839099871086125365065921774	0.4206934125660269804351433021
/data/CDSLSahinalp/bridgersjd/salems_sims/RECOMB-oct_1_2024/simNo_7-s_7-m_8-h_1-minCP_0.10-ISAV_0-n_8-fp_0.001-fn_0.1-na_0-d_0-l_1000000.SC.after_noise	0.001	0.1	cell_2	10000	mut3	0	42.36406721447949486841600629	46.48184556331693913437263845
/data/CDSLSahinalp/bridgersjd/salems_sims/RECOMB-oct_1_2024/simNo_7-s_7-m_8-h_1-minCP_0.10-ISAV_0-n_8-fp_0.001-fn_0.1-na_0-d_0-l_1000000.SC.after_noise	0.001	0.1	cell_2	100000	mut3	0	422.3742486221009423722356665	463.3777037030793428337682763
/data/CDSLSahinalp/bridgersjd/salems_sims/RECOMB-oct_1_2024/simNo_10-s_7-m_8-h_1-minCP_0.10-ISAV_0-n_8-fp_0.001-fn_0.1-na_0-d_0-l_1000000.SC.after_noise	0.001	0.1	cell_2	1000	mut4	0	5.247825907649299166866254298	5.264112282294822279504929002
/data/CDSLSahinalp/bridgersjd/salems_sims/RECOMB-oct_1_2024/simNo_7-s_7-m_8-h_1-minCP_0.10-ISAV_0-n_8-fp_0.001-fn_0.1-na_0-d_0-l_1000000.SC.after_noise	0.001	0.1	cell_2	1000	mut4	0	4.197557236992812335878342514	4.604663838755158334326136983
/data/CDSLSahinalp/bridgersjd/salems_sims/RECOMB-oct_1_2024/simNo_10-s_7-m_8-h_1-minCP_0.10-ISAV_0-n_8-fp_0.001-fn_0.1-na_0-d_0-l_1000000.SC.after_noise	0.001	0.1	cell_2	100	mut4	0	0.4439239052575171114825830478	0.4453497935334888067353368538
/data/CDSLSahinalp/bridgersjd/salems_sims/RECOMB-oct_1_2024/simNo_7-s_7-m_8-h_1-minCP_0.10-ISAV_0-n_8-fp_0.001-fn_0.1-na_0-d_0-l_1000000.SC.after_noise	0.001	0.1	cell_2	100	mut4	0	0.3839099871086126116656755436	0.4206934125660270633603688807
/data/CDSLSahinalp/bridgersjd/salems_sims/RECOMB-oct_1_2024/simNo_10-s_7-m_8-h_1-minCP_0.10-ISAV_0-n_8-fp_0.001-fn_0.1-na_0-d_0-l_1000000.SC.after_noise	0.001	0.1	cell_2	10000	mut4	0	56.40407262473755197826220069	56.57878673288419096832715588
/data/CDSLSahinalp/bridgersjd/salems_sims/RECOMB-oct_1_2024/simNo_7-s_7-m_8-h_1-minCP_0.10-ISAV_0-n_8-fp_0.001-fn_0.1-na_0-d_0-l_1000000.SC.after_noise	0.001	0.1	cell_2	10000	mut4	0	42.36406721447950415625821095	46.48184556331694937943477404
/data/CDSLSahinalp/bridgersjd/salems_sims/RECOMB-oct_1_2024/simNo_10-s_7-m_8-h_1-minCP_0.10-ISAV_0-n_8-fp_0.001-fn_0.1-na_0-d_0-l_1000000.SC.after_noise	0.001	0.1	cell_2	100000	mut4	0	575.1152259687735320453425658	576.8925150955340945896430324
/data/CDSLSahinalp/bridgersjd/salems_sims/RECOMB-oct_1_2024/simNo_7-s_7-m_8-h_1-minCP_0.10-ISAV_0-n_8-fp_0.001-fn_0.1-na_0-d_0-l_1000000.SC.after_noise	0.001	0.1	cell_2	100000	mut4	0	422.3742486221008503782241795	463.3777037030792413597008894
/data/CDSLSahinalp/bridgersjd/salems_sims/RECOMB-oct_1_2024/simNo_10-s_7-m_8-h_1-minCP_0.10-ISAV_0-n_8-fp_0.001-fn_0.1-na_0-d_0-l_1000000.SC.after_noise	0.001	0.1	cell_2	1000	mut5	0	5.247825907649299166866254298	5.264112282294822279504929002
/data/CDSLSahinalp/bridgersjd/salems_sims/RECOMB-oct_1_2024/simNo_10-s_7-m_8-h_1-minCP_0.10-ISAV_0-n_8-fp_0.001-fn_0.1-na_0-d_0-l_1000000.SC.after_noise	0.001	0.1	cell_2	100	mut5	0	0.4439239052575171114825830478	0.4453497935334888067353368538
/data/CDSLSahinalp/bridgersjd/salems_sims/RECOMB-oct_1_2024/simNo_10-s_7-m_8-h_1-minCP_0.10-ISAV_0-n_8-fp_0.001-fn_0.1-na_0-d_0-l_1000000.SC.after_noise	0.001	0.1	cell_2	10000	mut5	0	56.40407262473755197826220069	56.57878673288419096832715588
/data/CDSLSahinalp/bridgersjd/salems_sims/RECOMB-oct_1_2024/simNo_10-s_7-m_8-h_1-minCP_0.10-ISAV_0-n_8-fp_0.001-fn_0.1-na_0-d_0-l_1000000.SC.after_noise	0.001	0.1	cell_2	100000	mut5	0	575.1152259687735320453425658	576.8925150955340945896430324
/data/CDSLSahinalp/bridgersjd/salems_sims/RECOMB-oct_1_2024/simNo_7-s_7-m_8-h_1-minCP_0.10-ISAV_0-n_8-fp_0.001-fn_0.1-na_0-d_0-l_1000000.SC.after_noise	0.001	0.1	cell_2	1000	mut7	0	4.197557236992812335878342514	4.604663838755158334326136983
/data/CDSLSahinalp/bridgersjd/salems_sims/RECOMB-oct_1_2024/simNo_7-s_7-m_8-h_1-minCP_0.10-ISAV_0-n_8-fp_0.001-fn_0.1-na_0-d_0-l_1000000.SC.after_noise	0.001	0.1	cell_2	100	mut7	0	0.3839099871086125365065921774	0.4206934125660269804351433021
/data/CDSLSahinalp/bridgersjd/salems_sims/RECOMB-oct_1_2024/simNo_7-s_7-m_8-h_1-minCP_0.10-ISAV_0-n_8-fp_0.001-fn_0.1-na_0-d_0-l_1000000.SC.after_noise	0.001	0.1	cell_2	10000	mut7	0	42.36406721447950415625821095	46.48184556331694937943477404
/data/CDSLSahinalp/bridgersjd/salems_sims/RECOMB-oct_1_2024/simNo_7-s_7-m_8-h_1-minCP_0.10-ISAV_0-n_8-fp_0.001-fn_0.1-na_0-d_0-l_1000000.SC.after_noise	0.001	0.1	cell_2	100000	mut7	0	422.3742486221008503782241795	463.3777037030792413597008894
/data/CDSLSahinalp/bridgersjd/salems_sims/RECOMB-oct_1_2024/simNo_10-s_7-m_8-h_1-minCP_0.10-ISAV_0-n_8-fp_0.001-fn_0.1-na_0-d_0-l_1000000.SC.after_noise	0.001	0.1	cell_3,cell_4,cell_5	1000	mut2	0	4.971290744049027701781504310	5.264112282294822279504929002
/data/CDSLSahinalp/bridgersjd/salems_sims/RECOMB-oct_1_2024/simNo_10-s_7-m_8-h_1-minCP_0.10-ISAV_0-n_8-fp_0.001-fn_0.1-na_0-d_0-l_1000000.SC.after_noise	0.001	0.1	cell_3,cell_4,cell_5	100	mut2	0	0.4102405450744624215233929804	0.4453497935334888067353368538
/data/CDSLSahinalp/bridgersjd/salems_sims/RECOMB-oct_1_2024/simNo_10-s_7-m_8-h_1-minCP_0.10-ISAV_0-n_8-fp_0.001-fn_0.1-na_0-d_0-l_1000000.SC.after_noise	0.001	0.1	cell_3,cell_4,cell_5	10000	mut2	0	53.54352099494410549634112784	56.57878673288419096832715588
/data/CDSLSahinalp/bridgersjd/salems_sims/RECOMB-oct_1_2024/simNo_10-s_7-m_8-h_1-minCP_0.10-ISAV_0-n_8-fp_0.001-fn_0.1-na_0-d_0-l_1000000.SC.after_noise	0.001	0.1	cell_3,cell_4,cell_5	100000	mut2	0	545.8484743146486522316359066	576.8925150955340945896430324
/data/CDSLSahinalp/bridgersjd/salems_sims/RECOMB-oct_1_2024/simNo_8-s_7-m_8-h_1-minCP_0.10-ISAV_0-n_8-fp_0.001-fn_0.1-na_0-d_0-l_1000000.SC.after_noise	0.001	0.1	cell_3,cell_4,cell_5	1000	mut4	0	222.5430558317639486273864913	240.5201491888822383238456941
/data/CDSLSahinalp/bridgersjd/salems_sims/RECOMB-oct_1_2024/simNo_8-s_7-m_8-h_1-minCP_0.10-ISAV_0-n_8-fp_0.001-fn_0.1-na_0-d_0-l_1000000.SC.after_noise	0.001	0.1	cell_3,cell_4,cell_5	100	mut4	0	23.94601501830163833820273783	26.01632684393969926343875695
/data/CDSLSahinalp/bridgersjd/salems_sims/RECOMB-oct_1_2024/simNo_8-s_7-m_8-h_1-minCP_0.10-ISAV_0-n_8-fp_0.001-fn_0.1-na_0-d_0-l_1000000.SC.after_noise	0.001	0.1	cell_3,cell_4,cell_5	10000	mut4	0	2267.007008112371746898890043	2450.363367605917010307371696
/data/CDSLSahinalp/bridgersjd/salems_sims/RECOMB-oct_1_2024/simNo_8-s_7-m_8-h_1-minCP_0.10-ISAV_0-n_8-fp_0.001-fn_0.1-na_0-d_0-l_1000000.SC.after_noise	0.001	0.1	cell_3,cell_4,cell_5	100000	mut4	0	22759.83983088849585012265556	24620.82806573949051092099469
/data/CDSLSahinalp/bridgersjd/salems_sims/RECOMB-oct_1_2024/simNo_8-s_7-m_8-h_1-minCP_0.10-ISAV_0-n_8-fp_0.001-fn_0.1-na_0-d_0-l_1000000.SC.after_noise	0.001	0.1	cell_3,cell_4,cell_5	1000	mut5	0	222.5430558317639486273864913	240.5201491888822383238456941
/data/CDSLSahinalp/bridgersjd/salems_sims/RECOMB-oct_1_2024/simNo_8-s_7-m_8-h_1-minCP_0.10-ISAV_0-n_8-fp_0.001-fn_0.1-na_0-d_0-l_1000000.SC.after_noise	0.001	0.1	cell_3,cell_4,cell_5	100	mut5	0	23.94601501830163833820273783	26.01632684393969926343875695
/data/CDSLSahinalp/bridgersjd/salems_sims/RECOMB-oct_1_2024/simNo_8-s_7-m_8-h_1-minCP_0.10-ISAV_0-n_8-fp_0.001-fn_0.1-na_0-d_0-l_1000000.SC.after_noise	0.001	0.1	cell_3,cell_4,cell_5	10000	mut5	0	2267.007008112371746898890043	2450.363367605917010307371696
/data/CDSLSahinalp/bridgersjd/salems_sims/RECOMB-oct_1_2024/simNo_8-s_7-m_8-h_1-minCP_0.10-ISAV_0-n_8-fp_0.001-fn_0.1-na_0-d_0-l_1000000.SC.after_noise	0.001	0.1	cell_3,cell_4,cell_5	100000	mut5	0	22759.83983088849585012265556	24620.82806573949051092099469
/data/CDSLSahinalp/bridgersjd/salems_sims/RECOMB-oct_1_2024/simNo_2-s_7-m_8-h_1-minCP_0.10-ISAV_0-n_8-fp_0.001-fn_0.1-na_0-d_0-l_1000000.SC.after_noise	0.001	0.1	cell_3,cell_5,cell_6	1000	mut2	0	14.47185461747895772995319382	9331.236686749843994047350349
/data/CDSLSahinalp/bridgersjd/salems_sims/RECOMB-oct_1_2024/simNo_2-s_7-m_8-h_1-minCP_0.10-ISAV_0-n_8-fp_0.001-fn_0.1-na_0-d_0-l_1000000.SC.after_noise	0.001	0.1	cell_3,cell_5,cell_6	100	mut2	0	1.351777580515216187679104411	1045.154196859067172118662954
/data/CDSLSahinalp/bridgersjd/salems_sims/RECOMB-oct_1_2024/simNo_2-s_7-m_8-h_1-minCP_0.10-ISAV_0-n_8-fp_0.001-fn_0.1-na_0-d_0-l_1000000.SC.after_noise	0.001	0.1	cell_3,cell_5,cell_6	10000	mut2	0	128.2554686629916022021552175	91091.35394427750094056147486
/data/CDSLSahinalp/bridgersjd/salems_sims/RECOMB-oct_1_2024/simNo_2-s_7-m_8-h_1-minCP_0.10-ISAV_0-n_8-fp_0.001-fn_0.1-na_0-d_0-l_1000000.SC.after_noise	0.001	0.1	cell_3,cell_5,cell_6	100000	mut2	0	1279.083704726043314093167117	911704.0839354170367786398566
/data/CDSLSahinalp/bridgersjd/salems_sims/RECOMB-oct_1_2024/simNo_7-s_7-m_8-h_1-minCP_0.10-ISAV_0-n_8-fp_0.001-fn_0.1-na_0-d_0-l_1000000.SC.after_noise	0.001	0.1	cell_3,cell_5	1000	mut2	0	4.190745820591299098074137065	4.604663838755158334326136983
/data/CDSLSahinalp/bridgersjd/salems_sims/RECOMB-oct_1_2024/simNo_7-s_7-m_8-h_1-minCP_0.10-ISAV_0-n_8-fp_0.001-fn_0.1-na_0-d_0-l_1000000.SC.after_noise	0.001	0.1	cell_3,cell_5	100	mut2	0	0.3825898725671480222426720959	0.4206934125660269804351433021
/data/CDSLSahinalp/bridgersjd/salems_sims/RECOMB-oct_1_2024/simNo_7-s_7-m_8-h_1-minCP_0.10-ISAV_0-n_8-fp_0.001-fn_0.1-na_0-d_0-l_1000000.SC.after_noise	0.001	0.1	cell_3,cell_5	10000	mut2	0	42.29690254945896830575861279	46.48184556331694937943477404
/data/CDSLSahinalp/bridgersjd/salems_sims/RECOMB-oct_1_2024/simNo_7-s_7-m_8-h_1-minCP_0.10-ISAV_0-n_8-fp_0.001-fn_0.1-na_0-d_0-l_1000000.SC.after_noise	0.001	0.1	cell_3,cell_5	100000	mut2	0	421.6153581943758316943645602	463.3777037030793428337682763
/data/CDSLSahinalp/bridgersjd/salems_sims/RECOMB-oct_1_2024/simNo_8-s_7-m_8-h_1-minCP_0.10-ISAV_0-n_8-fp_0.001-fn_0.1-na_0-d_0-l_1000000.SC.after_noise	0.001	0.1	cell_3,cell_5	1000	mut6	0	180.9980717420941254324270394	240.5201491888822383238456941
/data/CDSLSahinalp/bridgersjd/salems_sims/RECOMB-oct_1_2024/simNo_8-s_7-m_8-h_1-minCP_0.10-ISAV_0-n_8-fp_0.001-fn_0.1-na_0-d_0-l_1000000.SC.after_noise	0.001	0.1	cell_3,cell_5	100	mut6	0	19.94249115271321216297213805	26.01632684393969926343875695
/data/CDSLSahinalp/bridgersjd/salems_sims/RECOMB-oct_1_2024/simNo_8-s_7-m_8-h_1-minCP_0.10-ISAV_0-n_8-fp_0.001-fn_0.1-na_0-d_0-l_1000000.SC.after_noise	0.001	0.1	cell_3,cell_5	10000	mut6	0	1849.356910131792700860745573	2450.363367605917010307371696
/data/CDSLSahinalp/bridgersjd/salems_sims/RECOMB-oct_1_2024/simNo_8-s_7-m_8-h_1-minCP_0.10-ISAV_0-n_8-fp_0.001-fn_0.1-na_0-d_0-l_1000000.SC.after_noise	0.001	0.1	cell_3,cell_5	100000	mut6	0	18514.26722342486904917983243	24620.82806573949051092099469
/data/CDSLSahinalp/bridgersjd/salems_sims/RECOMB-oct_1_2024/simNo_2-s_7-m_8-h_1-minCP_0.10-ISAV_0-n_8-fp_0.001-fn_0.1-na_0-d_0-l_1000000.SC.after_noise	0.001	0.1	cell_3,cell_6	1000	mut3	0	8716.080583174676239105627799	9331.236686749843994047350349
/data/CDSLSahinalp/bridgersjd/salems_sims/RECOMB-oct_1_2024/simNo_2-s_7-m_8-h_1-minCP_0.10-ISAV_0-n_8-fp_0.001-fn_0.1-na_0-d_0-l_1000000.SC.after_noise	0.001	0.1	cell_3,cell_6	100	mut3	0	978.3015245260401309583668724	1045.154196859067172118662954
/data/CDSLSahinalp/bridgersjd/salems_sims/RECOMB-oct_1_2024/simNo_2-s_7-m_8-h_1-minCP_0.10-ISAV_0-n_8-fp_0.001-fn_0.1-na_0-d_0-l_1000000.SC.after_noise	0.001	0.1	cell_3,cell_6	10000	mut3	0	85269.10721054368784540788546	91091.35394427750094056147486
/data/CDSLSahinalp/bridgersjd/salems_sims/RECOMB-oct_1_2024/simNo_2-s_7-m_8-h_1-minCP_0.10-ISAV_0-n_8-fp_0.001-fn_0.1-na_0-d_0-l_1000000.SC.after_noise	0.001	0.1	cell_3,cell_6	100000	mut3	0	853783.3024940132496836463978	911704.0839354170367786398566
/data/CDSLSahinalp/bridgersjd/salems_sims/RECOMB-oct_1_2024/simNo_2-s_7-m_8-h_1-minCP_0.10-ISAV_0-n_8-fp_0.001-fn_0.1-na_0-d_0-l_1000000.SC.after_noise	0.001	0.1	cell_3,cell_6	1000	mut4	0	8716.080583174676239105627799	9331.236686749843994047350349
/data/CDSLSahinalp/bridgersjd/salems_sims/RECOMB-oct_1_2024/simNo_2-s_7-m_8-h_1-minCP_0.10-ISAV_0-n_8-fp_0.001-fn_0.1-na_0-d_0-l_1000000.SC.after_noise	0.001	0.1	cell_3,cell_6	100	mut4	0	978.3015245260401309583668724	1045.154196859067172118662954
/data/CDSLSahinalp/bridgersjd/salems_sims/RECOMB-oct_1_2024/simNo_2-s_7-m_8-h_1-minCP_0.10-ISAV_0-n_8-fp_0.001-fn_0.1-na_0-d_0-l_1000000.SC.after_noise	0.001	0.1	cell_3,cell_6	10000	mut4	0	85269.10721054368784540788546	91091.35394427750094056147486
/data/CDSLSahinalp/bridgersjd/salems_sims/RECOMB-oct_1_2024/simNo_2-s_7-m_8-h_1-minCP_0.10-ISAV_0-n_8-fp_0.001-fn_0.1-na_0-d_0-l_1000000.SC.after_noise	0.001	0.1	cell_3,cell_6	100000	mut4	0	853783.3024940132496836463978	911704.0839354170367786398566
/data/CDSLSahinalp/bridgersjd/salems_sims/RECOMB-oct_1_2024/simNo_7-s_7-m_8-h_1-minCP_0.10-ISAV_0-n_8-fp_0.001-fn_0.1-na_0-d_0-l_1000000.SC.after_noise	0.001	0.1	cell_3	1000	mut5	0	4.141952690457070822386089975	4.604663838755158334326136983
/data/CDSLSahinalp/bridgersjd/salems_sims/RECOMB-oct_1_2024/simNo_7-s_7-m_8-h_1-minCP_0.10-ISAV_0-n_8-fp_0.001-fn_0.1-na_0-d_0-l_1000000.SC.after_noise	0.001	0.1	cell_3	100	mut5	0	0.3783925244533550360633443627	0.4206934125660270633603688807
/data/CDSLSahinalp/bridgersjd/salems_sims/RECOMB-oct_1_2024/simNo_7-s_7-m_8-h_1-minCP_0.10-ISAV_0-n_8-fp_0.001-fn_0.1-na_0-d_0-l_1000000.SC.after_noise	0.001	0.1	cell_3	10000	mut5	0	41.81040000319809687502241521	46.48184556331694937943477404
/data/CDSLSahinalp/bridgersjd/salems_sims/RECOMB-oct_1_2024/simNo_7-s_7-m_8-h_1-minCP_0.10-ISAV_0-n_8-fp_0.001-fn_0.1-na_0-d_0-l_1000000.SC.after_noise	0.001	0.1	cell_3	100000	mut5	0	416.8041219055088208520607384	463.3777037030792413597008894
/data/CDSLSahinalp/bridgersjd/salems_sims/RECOMB-oct_1_2024/simNo_7-s_7-m_8-h_1-minCP_0.10-ISAV_0-n_8-fp_0.001-fn_0.1-na_0-d_0-l_1000000.SC.after_noise	0.001	0.1	cell_3	1000	mut6	0	4.141952690457070822386089975	4.604663838755158334326136983
/data/CDSLSahinalp/bridgersjd/salems_sims/RECOMB-oct_1_2024/simNo_7-s_7-m_8-h_1-minCP_0.10-ISAV_0-n_8-fp_0.001-fn_0.1-na_0-d_0-l_1000000.SC.after_noise	0.001	0.1	cell_3	100	mut6	0	0.3783925244533550360633443627	0.4206934125660270633603688807
/data/CDSLSahinalp/bridgersjd/salems_sims/RECOMB-oct_1_2024/simNo_7-s_7-m_8-h_1-minCP_0.10-ISAV_0-n_8-fp_0.001-fn_0.1-na_0-d_0-l_1000000.SC.after_noise	0.001	0.1	cell_3	10000	mut6	0	41.81040000319809687502241521	46.48184556331694937943477404
/data/CDSLSahinalp/bridgersjd/salems_sims/RECOMB-oct_1_2024/simNo_7-s_7-m_8-h_1-minCP_0.10-ISAV_0-n_8-fp_0.001-fn_0.1-na_0-d_0-l_1000000.SC.after_noise	0.001	0.1	cell_3	100000	mut6	0	416.8041219055088208520607384	463.3777037030792413597008894
/data/CDSLSahinalp/bridgersjd/salems_sims/RECOMB-oct_1_2024/simNo_1-s_7-m_8-h_1-minCP_0.10-ISAV_0-n_8-fp_0.001-fn_0.1-na_0-d_0-l_1000000.SC.after_noise	0.001	0.1	cell_4	1000	mut6	0	14.13349380458575079782177722	14.21048101430896278808010099
/data/CDSLSahinalp/bridgersjd/salems_sims/RECOMB-oct_1_2024/simNo_1-s_7-m_8-h_1-minCP_0.10-ISAV_0-n_8-fp_0.001-fn_0.1-na_0-d_0-l_1000000.SC.after_noise	0.001	0.1	cell_4	100	mut6	0	1.467253564077086699762935480	1.472450832046465790202298331
/data/CDSLSahinalp/bridgersjd/salems_sims/RECOMB-oct_1_2024/simNo_1-s_7-m_8-h_1-minCP_0.10-ISAV_0-n_8-fp_0.001-fn_0.1-na_0-d_0-l_1000000.SC.after_noise	0.001	0.1	cell_4	10000	mut6	0	134.2007118775736444780992441	135.3520340160368357670509127
/data/CDSLSahinalp/bridgersjd/salems_sims/RECOMB-oct_1_2024/simNo_1-s_7-m_8-h_1-minCP_0.10-ISAV_0-n_8-fp_0.001-fn_0.1-na_0-d_0-l_1000000.SC.after_noise	0.001	0.1	cell_4	100000	mut6	0	1381.501422246021123775577893	1396.000013254707759383803779
/data/CDSLSahinalp/bridgersjd/salems_sims/RECOMB-oct_1_2024/simNo_1-s_7-m_8-h_1-minCP_0.10-ISAV_0-n_8-fp_0.001-fn_0.1-na_0-d_0-l_1000000.SC.after_noise	0.001	0.1	cell_4	1000	mut7	0	14.13349380458575079782177722	14.21048101430896278808010099
/data/CDSLSahinalp/bridgersjd/salems_sims/RECOMB-oct_1_2024/simNo_1-s_7-m_8-h_1-minCP_0.10-ISAV_0-n_8-fp_0.001-fn_0.1-na_0-d_0-l_1000000.SC.after_noise	0.001	0.1	cell_4	100	mut7	0	1.467253564077086699762935480	1.472450832046465790202298331
/data/CDSLSahinalp/bridgersjd/salems_sims/RECOMB-oct_1_2024/simNo_1-s_7-m_8-h_1-minCP_0.10-ISAV_0-n_8-fp_0.001-fn_0.1-na_0-d_0-l_1000000.SC.after_noise	0.001	0.1	cell_4	10000	mut7	0	134.2007118775736444780992441	135.3520340160368357670509127
/data/CDSLSahinalp/bridgersjd/salems_sims/RECOMB-oct_1_2024/simNo_1-s_7-m_8-h_1-minCP_0.10-ISAV_0-n_8-fp_0.001-fn_0.1-na_0-d_0-l_1000000.SC.after_noise	0.001	0.1	cell_4	100000	mut7	0	1381.501422246021123775577893	1396.000013254707759383803779
/data/CDSLSahinalp/bridgersjd/salems_sims/RECOMB-oct_1_2024/simNo_5-s_7-m_8-h_1-minCP_0.10-ISAV_0-n_8-fp_0.001-fn_0.1-na_0-d_0-l_1000000.SC.after_noise	0.001	0.1	cell_5	1000	mut6	0	18.94860754943081391393522852	21.06420686707290653415138950
/data/CDSLSahinalp/bridgersjd/salems_sims/RECOMB-oct_1_2024/simNo_5-s_7-m_8-h_1-minCP_0.10-ISAV_0-n_8-fp_0.001-fn_0.1-na_0-d_0-l_1000000.SC.after_noise	0.001	0.1	cell_5	100	mut6	0	1.340612562551679646471821154	1.489994501776555764824397349
/data/CDSLSahinalp/bridgersjd/salems_sims/RECOMB-oct_1_2024/simNo_5-s_7-m_8-h_1-minCP_0.10-ISAV_0-n_8-fp_0.001-fn_0.1-na_0-d_0-l_1000000.SC.after_noise	0.001	0.1	cell_5	10000	mut6	0	196.1290651234336609555887060	218.0279659832403081896861293
/data/CDSLSahinalp/bridgersjd/salems_sims/RECOMB-oct_1_2024/simNo_5-s_7-m_8-h_1-minCP_0.10-ISAV_0-n_8-fp_0.001-fn_0.1-na_0-d_0-l_1000000.SC.after_noise	0.001	0.1	cell_5	100000	mut6	0	1964.451330995436058123306266	2183.781392826848701741613647
/data/CDSLSahinalp/bridgersjd/salems_sims/RECOMB-oct_1_2024/simNo_5-s_7-m_8-h_1-minCP_0.10-ISAV_0-n_8-fp_0.001-fn_0.1-na_0-d_0-l_1000000.SC.after_noise	0.001	0.1	cell_5	1000	mut7	0	18.94860754943081391393522852	21.06420686707290653415138950
/data/CDSLSahinalp/bridgersjd/salems_sims/RECOMB-oct_1_2024/simNo_5-s_7-m_8-h_1-minCP_0.10-ISAV_0-n_8-fp_0.001-fn_0.1-na_0-d_0-l_1000000.SC.after_noise	0.001	0.1	cell_5	100	mut7	0	1.340612562551679646471821154	1.489994501776555764824397349
/data/CDSLSahinalp/bridgersjd/salems_sims/RECOMB-oct_1_2024/simNo_5-s_7-m_8-h_1-minCP_0.10-ISAV_0-n_8-fp_0.001-fn_0.1-na_0-d_0-l_1000000.SC.after_noise	0.001	0.1	cell_5	10000	mut7	0	196.1290651234336609555887060	218.0279659832403081896861293
/data/CDSLSahinalp/bridgersjd/salems_sims/RECOMB-oct_1_2024/simNo_5-s_7-m_8-h_1-minCP_0.10-ISAV_0-n_8-fp_0.001-fn_0.1-na_0-d_0-l_1000000.SC.after_noise	0.001	0.1	cell_5	100000	mut7	0	1964.451330995435844945188878	2183.781392826848464729424721
/data/CDSLSahinalp/bridgersjd/salems_sims/RECOMB-oct_1_2024/simNo_4-s_7-m_8-h_1-minCP_0.10-ISAV_0-n_8-fp_0.001-fn_0.1-na_0-d_0-l_1000000.SC.after_noise	0.001	0.1	cell_6,cell_7	1000	mut2	0	71.86576446991398877543715409	73.13234286739163179362397103
/data/CDSLSahinalp/bridgersjd/salems_sims/RECOMB-oct_1_2024/simNo_4-s_7-m_8-h_1-minCP_0.10-ISAV_0-n_8-fp_0.001-fn_0.1-na_0-d_0-l_1000000.SC.after_noise	0.001	0.1	cell_6,cell_7	100	mut2	0	7.032157084565470935096884945	7.139851922959679185425675925
/data/CDSLSahinalp/bridgersjd/salems_sims/RECOMB-oct_1_2024/simNo_4-s_7-m_8-h_1-minCP_0.10-ISAV_0-n_8-fp_0.001-fn_0.1-na_0-d_0-l_1000000.SC.after_noise	0.001	0.1	cell_6,cell_7	10000	mut2	0	725.7305446854080262582218492	751.2830515408764655637075031
/data/CDSLSahinalp/bridgersjd/salems_sims/RECOMB-oct_1_2024/simNo_4-s_7-m_8-h_1-minCP_0.10-ISAV_0-n_8-fp_0.001-fn_0.1-na_0-d_0-l_1000000.SC.after_noise	0.001	0.1	cell_6,cell_7	100000	mut2	0	7228.770888618025095876487260	7517.534231295606136924742446
/data/CDSLSahinalp/bridgersjd/salems_sims/RECOMB-oct_1_2024/simNo_4-s_7-m_8-h_1-minCP_0.10-ISAV_0-n_8-fp_0.001-fn_0.1-na_0-d_0-l_1000000.SC.after_noise	0.001	0.1	cell_6,cell_7	1000	mut3	0	71.86576446991398877543715409	73.13234286739163179362397103
/data/CDSLSahinalp/bridgersjd/salems_sims/RECOMB-oct_1_2024/simNo_4-s_7-m_8-h_1-minCP_0.10-ISAV_0-n_8-fp_0.001-fn_0.1-na_0-d_0-l_1000000.SC.after_noise	0.001	0.1	cell_6,cell_7	100	mut3	0	7.032157084565470935096884945	7.139851922959679185425675925
/data/CDSLSahinalp/bridgersjd/salems_sims/RECOMB-oct_1_2024/simNo_4-s_7-m_8-h_1-minCP_0.10-ISAV_0-n_8-fp_0.001-fn_0.1-na_0-d_0-l_1000000.SC.after_noise	0.001	0.1	cell_6,cell_7	10000	mut3	0	725.7305446854080262582218492	751.2830515408764655637075031
/data/CDSLSahinalp/bridgersjd/salems_sims/RECOMB-oct_1_2024/simNo_4-s_7-m_8-h_1-minCP_0.10-ISAV_0-n_8-fp_0.001-fn_0.1-na_0-d_0-l_1000000.SC.after_noise	0.001	0.1	cell_6,cell_7	100000	mut3	0	7228.770888618025095876487260	7517.534231295606136924742446
/data/CDSLSahinalp/bridgersjd/salems_sims/RECOMB-oct_1_2024/simNo_8-s_7-m_8-h_1-minCP_0.10-ISAV_0-n_8-fp_0.001-fn_0.1-na_0-d_0-l_1000000.SC.after_noise	0.001	0.1	cell_6	1000	mut3	0	238.5467747463993853905149333	240.5201491888822383238456941
/data/CDSLSahinalp/bridgersjd/salems_sims/RECOMB-oct_1_2024/simNo_8-s_7-m_8-h_1-minCP_0.10-ISAV_0-n_8-fp_0.001-fn_0.1-na_0-d_0-l_1000000.SC.after_noise	0.001	0.1	cell_6	100	mut3	0	25.86828429695960342797845352	26.01632684393970156783492730
/data/CDSLSahinalp/bridgersjd/salems_sims/RECOMB-oct_1_2024/simNo_8-s_7-m_8-h_1-minCP_0.10-ISAV_0-n_8-fp_0.001-fn_0.1-na_0-d_0-l_1000000.SC.after_noise	0.001	0.1	cell_6	10000	mut3	0	2429.930965394221800583036962	2450.363367605917010307371696
/data/CDSLSahinalp/bridgersjd/salems_sims/RECOMB-oct_1_2024/simNo_8-s_7-m_8-h_1-minCP_0.10-ISAV_0-n_8-fp_0.001-fn_0.1-na_0-d_0-l_1000000.SC.after_noise	0.001	0.1	cell_6	100000	mut3	0	24425.04467205118629082061448	24620.82806573949051092099469
/data/CDSLSahinalp/bridgersjd/salems_sims/RECOMB-oct_1_2024/simNo_4-s_7-m_8-h_1-minCP_0.10-ISAV_0-n_8-fp_0.001-fn_0.1-na_0-d_0-l_1000000.SC.after_noise	0.001	0.1	cell_6	1000	mut7	0	66.33699253076004172834327726	73.13234286739163179362397103
/data/CDSLSahinalp/bridgersjd/salems_sims/RECOMB-oct_1_2024/simNo_4-s_7-m_8-h_1-minCP_0.10-ISAV_0-n_8-fp_0.001-fn_0.1-na_0-d_0-l_1000000.SC.after_noise	0.001	0.1	cell_6	100	mut7	0	6.474963017554231739158076943	7.139851922959679185425675925
/data/CDSLSahinalp/bridgersjd/salems_sims/RECOMB-oct_1_2024/simNo_4-s_7-m_8-h_1-minCP_0.10-ISAV_0-n_8-fp_0.001-fn_0.1-na_0-d_0-l_1000000.SC.after_noise	0.001	0.1	cell_6	10000	mut7	0	682.4906695194433596849458606	751.2830515408764655637075031
/data/CDSLSahinalp/bridgersjd/salems_sims/RECOMB-oct_1_2024/simNo_4-s_7-m_8-h_1-minCP_0.10-ISAV_0-n_8-fp_0.001-fn_0.1-na_0-d_0-l_1000000.SC.after_noise	0.001	0.1	cell_6	100000	mut7	0	6831.878107701432378287428784	7517.534231295606140640673535
